"","t","w","A","a","n","x"
"1",1,0,0,10,0,0
"2",2,0,0,0.948517463551336,0,0
"3",3,0,0,0.0899685378661859,0,0
"4",4,0,0,0.0085336729336257,0,0
"5",5,0,0,0.000809433780577933,0,0
"6",6,0,0,7.6776207646655e-05,0,0
"7",7,0,0,7.28235737380958e-06,0,0
"8",8,0,0,6.90744314488023e-07,0,0
"9",9,0,0,6.55183045140686e-08,0,0
"10",10,0,0,6.21452560138683e-09,0,0
"11",11,0,0,5.89458606060228e-10,0,0
"12",12,0,0,5.59111781888753e-11,0,0
"13",13,0,0,5.30327289198788e-12,0,0
"14",14,0,0,5.0302469520289e-13,0,0
"15",15,0,0,4.77127707997529e-14,0,0
"16",16,0,0,4.52563963379878e-15,0,0
"17",17,0,0,4.29264822639822e-16,0,0
"18",18,0,0,4.07165180762138e-17,0,0
"19",19,0,0,3.86203284502924e-18,0,0
"20",20,0,0,3.66320559831908e-19,0,0
"21",21,0,0,3.47461448258467e-20,0,0
"22",22,0,0,3.29573251583995e-21,0,0
"23",23,0,0,3.12605984646817e-22,0,0
"24",24,0,0,2.96512235648166e-23,0,0
"25",25,0,0,2.81247033668935e-24,0,0
"26",26,0,0,2.66767723006995e-25,0,0
"27",27,0,0,2.5303384398396e-26,0,0
"28",28,0,0,2.4000701988831e-27,0,0
"29",29,0,0,2.27650849738975e-28,0,0
"30",30,0,0,2.15930806569719e-29,0,0
"31",31,0,0,2.04814140950104e-30,0,0
"32",32,0,0,1.94269789473438e-31,0,0
"33",33,0,0,1.84268287955998e-32,0,0
"34",34,0,0,1.7478168910497e-33,0,0
"35",35,0,0,1.65783484425064e-34,0,0
"36",36,0,0,1.57248530145564e-35,0,0
"37",37,0,0,1.49152976960846e-36,0,0
"38",38,0,0,1.41474203388033e-37,0,0
"39",39,0,0,1.34190752555563e-38,0,0
"40",40,0,0,1.27282272246047e-39,0,0
"41",41,0,0,1.20729458025871e-40,0,0
"42",42,0,0,1.14513999302627e-41,0,0
"43",43,0,0,1.08618528159647e-42,0,0
"44",44,0,0,1.03026570824668e-43,0,0
"45",45,0,0,9.77225016370058e-45,0,0
"46",46,0,0,9.2691499384624e-46,0,0
"47",47,0,0.413984036054858,8.79195058890738e-47,0,0
"48",48,0,0.845141528251677,8.3393186722591e-48,0,0
"49",49,0,1.22413004205531,7.90998939475749e-49,0,0
"50",50,0,1.55729521699822,7.50276307743334e-50,0,0
"51",51,0,1.85020753306222,7.11650180383368e-51,0,0
"52",52,0,2.10775731618731,6.75012624033083e-52,0,0
"53",53,0,2.33423807154327,6.40261262012991e-53,0,0
"54",54,0,2.53341958079029,6.0729898825474e-54,0,0
"55",55,0,2.7086120227173,5.76033695956678e-55,0,0
"56",56,0,2.86272222157677,5.46378020208929e-56,0,0
"57",57,0,2.99830299145787,5.18249093868774e-57,0,0
"58",58,0,3.11759642580554,4.91568316004188e-58,0,0
"59",59,0,3.22257187664356,4.66261132258494e-59,0,0
"60",60,0,3.31495927638606,4.422568265224e-60,0,0
"61",61,0,3.39627837474037,4.1948832333129e-61,0,0
"62",62,0,3.46786439272418,3.97892000435598e-62,0,0
"63",63,0,3.5308905340222,3.7740751102054e-63,0,0
"64",64,0,3.58638773972254,3.57977615078426e-64,0,0
"65",65,0,3.6352620249639,3.39548019462345e-65,0,0
"66",66,0,3.67830969436727,3.22067226174303e-66,0,0
"67",67,0,3.71623069660167,3.05486388463864e-67,0,0
"68",68,0,3.74964034640701,2.89759174335202e-68,0,0
"69",69,0,3.7790796143171,2.74841637081155e-69,0,0
"70",70,0,3.80502415970327,2.60692092482514e-70,0,0
"71",71,0,3.8278922611698,2.47271002329404e-71,0,0
"72",72,0,3.84805177940145,2.34540863939283e-72,0,0
"73",73,0,3.86582627096309,2.22466105362828e-73,0,0
"74",74,0,3.88150035699563,2.11012985984894e-74,0,0
"75",75,0,3.89532443798774,2.00149502242785e-75,0,0
"76",76,0,3.90751883460934,1.89845298198389e-76,0,0
"77",77,0,3.9182774247768,1.80071580714282e-77,0,0
"78",78,0,3.92777083851131,1.70801038996791e-78,0,0
"79",79,0,3.93614926460188,1.62007768281169e-79,0,0
"80",80,0,3.9435449164635,1.53667197445667e-80,0,0
"81",81,0,3.95007419877344,1.45756020352206e-81,0,0
"82",82,0,3.95583961137487,1.38252130721811e-82,0,0
"83",83,0,3.96093142246969,1.3113456036282e-83,0,0
"84",84,0,3.96542913920287,1.24383420579262e-84,0,0
"85",85,0,3.9694028003033,1.1797984659568e-85,0,0
"86",86,0,3.97291411242996,1.1190594484311e-86,0,0
"87",87,0,3.97601744922667,1.06144742958903e-87,0,0
"88",88,0,3.97876072976729,1.00680142360687e-88,0,0
"89",89,0,3.98118619103678,9.54968732619461e-90,0,0
"90",90,0,3.98333106730615,9.05804520035045e-91,0,0
"91",91,0,3.98522818769173,8.59171405816976e-92,0,0
"92",92,0,3.98690650181263,8.14939082601353e-93,0,0
"93",93,0,3.9883915422528,7.72983951577888e-94,0,0
"94",94,0,3.98970583147437,7.33188777116547e-95,0,0
"95",95,0,3.9908692398983,6.95442359174893e-96,0,0
"96",96,0,3.99189930105203,6.59639222570726e-97,0,0
"97",97,0,3.99281148896696,6.2567932225176e-98,0,0
"98",98,0,3.99361946237904,5.93467763738758e-99,0,0
"99",99,0,3.99433527973363,5.6291453796097e-100,0,0
"100",100,0,3.99496958851021,5.33934269742911e-101,0,0
"101",101,0,3.9955317919568,5.06445979239681e-102,0,0
"102",102,0,3.99603019594978,4.80372855654195e-103,0,0
"103",103,0,3.99647213836606,4.55642042604028e-104,0,0
"104",104,0,3.99686410306627,4.32184434538123e-105,0,0
"105",105,0,3.99721182033372,4.09934483634468e-106,0,0
"106",106,0,3.99752035539169,3.88830016639192e-107,0,0
"107",107,0,3.99779418642527,3.6881206113523e-108,0,0
"108",108,0,3.99803727336283,3.49824680755129e-109,0,0
"109",109,0,3.99825311852042,3.31814818877511e-110,0,0
"110",110,0,3.9984448200801,3.14732150370442e-111,0,0
"111",111,0,3.99861511925623,2.98528940967429e-112,0,0
"112",112,0,3.99876644190135,2.83159913883093e-113,0,0
"113",113,0,3.99890093521299,2.68582123295806e-114,0,0
"114",114,0,3.9990205001235,2.5475483434377e-115,0,0
"115",115,0,3.99912681988531,2.41639409299193e-116,0,0
"116",116,0,3.9992213853026,2.29199199602514e-117,0,0
"117",117,0,3.99930551700672,2.17399443454972e-118,0,0
"118",118,0,3.99938038512481,2.06207168683382e-119,0,0
"119",119,0,3.99944702664992,1.95591100605664e-120,0,0
"120",120,0,3.99950636078365,1.85521574639699e-121,0,0
"121",121,0,3.99955920249057,1.75970453411297e-122,0,0
"122",122,0,3.99960627447469,1.66911048129662e-123,0,0
"123",123,0,3.99964821776388,1.58318044010642e-124,0,0
"124",124,0,3.99968560106543,1.50167429539383e-125,0,0
"125",125,0,3.99971892903715,1.42436429374719e-126,0,0
"126",126,0,3.99974864960099,1.35103440707818e-127,0,0
"127",127,0,3.99977516041114,1.28147972897237e-128,0,0
"128",128,0,3.99979881457563,1.21550590211733e-129,0,0
"129",129,0,3.99981992571835,1.15292857520801e-130,0,0
"130",130,0,3.99983877245846,1.09357288781215e-131,0,0
"131",131,0,3.99985560237513,1.03727298175609e-132,0,0
"132",132,0,3.99987063551716,9.8387153766562e-134,0,0
"133",133,0,3.99988406751063,9.33219335366947e-135,0,0
"134",134,0,3.99989607231095,8.85174836919319e-136,0,0
"135",135,0,3.99990680464061,8.3960379111418e-137,0,0
"136",136,0,3.99991640214892,7.96378858335708e-138,0,0
"137",137,0,3.99992498732583,7.55379254734494e-139,0,0
"138",138,0,3.99993266919818,7.1649041472006e-140,0,0
"139",139,0,3.99993954483347,6.79603670829116e-141,0,0
"140",140,0,3.99994570067323,6.4461595007501e-142,0,0
"141",141,0,3.9999512137155,6.11429485929883e-143,0,0
"142",142,0,3.99995615256388,5.7995154513471e-144,0,0
"143",143,0,3.99996057835819,5.50094168573853e-145,0,0
"144",144,0,3.99996454560048,5.21773925490052e-146,0,0
"145",145,0,3.99996810288815,4.94911680353047e-147,0,0
"146",146,0,3.99997129356492,4.69432371730402e-148,0,0
"147",147,0,3.99997415629885,4.45264802542608e-149,0,0
"148",148,0,3.9999767255958,4.22341441116401e-150,0,0
"149",149,0,3.99997903225556,4.00598232480345e-151,0,0
"150",150,0,3.99998110377723,3.79974419375405e-152,0,0
"151",151,0,3.99998296471948,3.6041237248035e-153,0,0
"152",152,0,3.99998463702092,3.41857429377581e-154,0,0
"153",153,0,3.99998614028488,3.24257741809403e-155,0,0
"154",154,0,3.99998749203277,3.07564130797939e-156,0,0
"155",155,0,3.9999887079295,2.91729949223832e-157,0,0
"156",156,0,3.99998980198404,2.76710951479749e-158,0,0
"157",157,0,3.99999078672792,2.62465169834449e-159,0,0
"158",158,0,3.99999167337418,2.48952797161942e-160,0,0
"159",159,0,3.99999247195892,2.36136075708055e-161,0,0
"160",160,0,3.99999319146734,2.23979191583571e-162,0,0
"161",161,0,3.99999383994609,2.12448174689127e-163,0,0
"162",162,0,3.99999442460331,2.01510803792242e-164,0,0
"163",163,0,3.99999495189793,1.91136516491208e-165,0,0
"164",164,0,3.99999542761912,1.81296323814279e-166,0,0
"165",165,0,3.99999585695731,1.71962729215501e-167,0,0
"166",166,0,3.99999624456745,1.63109651740852e-168,0,0
"167",167,0,3.99999659462543,1.54712353149975e-169,0,0
"168",168,0,3.99999691087856,1.46747368789873e-170,0,0
"169",169,0,3.99999719669046,1.39192442027403e-171,0,0
"170",170,0,3.99999745508134,1.32026462057348e-172,0,0
"171",171,0,3.99999768876375,1.25229404912293e-173,0,0
"172",172,0,3.99999790017477,1.18782277509451e-174,0,0
"173",173,0,3.99999809150455,1.12667064578115e-175,0,0
"174",174,0,3.99999826472197,1.06866678319408e-176,0,0
"175",175,0,3.99999842159752,1.01364910657682e-177,0,0
"176",176,0,3.99999856372378,9.6146387950132e-179,0,0
"177",177,0,3.99999869253372,9.11965280280819e-180,0,0
"178",178,0,3.99999880931712,8.65014994498846e-181,0,0
"179",179,0,3.9999989152352,8.20481828515918e-182,0,0
"180",180,0,3.9999990113338,7.7824134287388e-183,0,0
"181",181,0,3.99999909855509,7.38175504573518e-184,0,0
"182",182,0,3.99999917774816,7.00172357253801e-185,0,0
"183",183,0,3.99999924967841,6.64125708351135e-186,0,0
"184",184,0,3.99999931503606,6.29934832364452e-187,0,0
"185",185,0,3.9999993744437,5.97504189396966e-188,0,0
"186",186,0,3.99999942846309,5.66743158188107e-189,0,0
"187",187,0,3.99999947760129,5.37565782889657e-190,0,0
"188",188,0,3.99999952231613,5.09890532878485e-191,0,0
"189",189,0,3.9999995630211,4.8364007493474e-192,0,0
"190",190,0,3.99999960008977,4.58741057148877e-193,0,0
"191",191,0,3.99999963385978,4.35123903953711e-194,0,0
"192",192,0,3.99999966463636,4.12722621708729e-195,0,0
"193",193,0,3.99999969269555,3.91474614293421e-196,0,0
"194",194,0,3.99999971828707,3.71320508194333e-197,0,0
"195",195,0,3.9999997416369,3.52203986597082e-198,0,0
"196",196,0,3.9999997629496,3.34071632019733e-199,0,0
"197",197,0,3.99999978241041,3.16872777047812e-200,0,0
"198",198,0,3.99999980018714,3.00559362753859e-201,0,0
"199",199,0,3.99999981643183,2.85085804405896e-202,0,0
"200",200,0,3.9999998312823,2.70408864089572e-203,0,0
"201",201,0,3.99999984486352,2.56487529888039e-204,0,0
"202",202,0,3.99999985728884,2.4328290128195e-205,0,0
"203",203,0,3.99999986866112,2.30758080449365e-206,0,0
"204",204,0,3.99999987907369,2.18878069161807e-207,0,0
"205",205,0,3.99999988861132,2.07609670988371e-208,0,0
"206",206,0,3.99999989735099,1.96921398534617e-209,0,0
"207",207,0,3.99999990536265,1.86783385457037e-210,0,0
"208",208,0,3.99999991270985,1.7716730300724e-211,0,0
"209",209,0,3.99999991945041,1.68046280872658e-212,0,0
"210",210,0,3.99999992563689,1.59394832092569e-213,0,0
"211",211,0,3.99999993131711,1.51188781839635e-214,0,0
"212",212,0,3.9999999365346,1.43405199867946e-215,0,0
"213",213,0,3.99999994132899,1.36022336438817e-216,0,0
"214",214,0,3.99999994573636,1.29019561545273e-217,0,0
"215",215,0,3.99999994978961,1.22377307265428e-218,0,0
"216",216,0,3.99999995351869,1.16077013083646e-219,0,0
"217",217,0,3.99999995695093,1.10101074026715e-220,0,0
"218",218,0,3.99999996011124,1.04432791470098e-221,0,0
"219",219,0,3.99999996302236,9.90563264768025e-223,0,0
"220",220,0,3.99999996570502,9.39566555384897e-224,0,0
"221",221,0,3.99999996817819,8.91195285951348e-225,0,0
"222",222,0,3.99999997045914,8.4531429215948e-226,0,0
"223",223,0,3.99999997256368,8.01795368302803e-227,0,0
"224",224,0,3.99999997450626,7.60516909029784e-228,0,0
"225",225,0,3.99999997630008,7.21363569540832e-229,0,0
"226",226,0,3.99999997795721,6.84225943279208e-230,0,0
"227",227,0,3.99999997948871,6.49000256215214e-231,0,0
"228",228,0,3.99999998090468,6.15588076869422e-232,0,0
"229",229,0,3.99999998221439,5.83896041264628e-233,0,0
"230",230,0,3.9999999834263,5.53835592037991e-234,0,0
"231",231,0,3.9999999845482,5.25322730984328e-235,0,0
"232",232,0,3.99999998558719,4.98277784339115e-236,0,0
"233",233,0,3.99999998654981,4.72625180145317e-237,0,0
"234",234,0,3.99999998744203,4.48293237081929e-238,0,0
"235",235,0,3.99999998826936,4.25213964164169e-239,0,0
"236",236,0,3.99999998903683,4.03322870755606e-240,0,0
"237",237,0,3.99999998974908,3.82558786361351e-241,0,0
"238",238,0,3.99999999041034,3.62863689698746e-242,0,0
"239",239,0,3.99999999102453,3.44182546567933e-243,0,0
"240",240,0,3.99999999159524,3.26463156069255e-244,0,0
"241",241,0,3.99999999212577,3.09656004737774e-245,0,0
"242",242,0,3.99999999261915,2.93714128187314e-246,0,0
"243",243,0,3.99999999307817,2.78592979877423e-247,0,0
"244",244,0,3.99999999350541,2.64250306636541e-248,0,0
"245",245,0,3.99999999390324,2.50646030593555e-249,0,0
"246",246,0,3.99999999427383,2.37742137187809e-250,0,0
"247",247,0,3.99999999461919,2.25502568944654e-251,0,0
"248",248,0,3.99999999494118,2.13893124719694e-252,0,0
"249",249,0,3.99999999524151,2.02881364130193e-253,0,0
"250",250,0,3.99999999552174,1.92436516906606e-254,0,0
"251",251,0,3.99999999578333,1.82529396910908e-255,0,0
"252",252,0,3.99999999602762,1.73132320581489e-256,0,0
"253",253,0,3.99999999625586,1.64219029576711e-257,0,0
"254",254,0,3.99999999646918,1.55764617400963e-258,0,0
"255",255,0,3.99999999666865,1.47745459808206e-259,0,0
"256",256,0,3.99999999685524,1.40139148788505e-260,0,0
"257",257,0,3.99999999702985,1.32924429953116e-261,0,0
"258",258,0,3.99999999719332,1.26081143143137e-262,0,0
"259",259,0,3.99999999734643,1.19590166095781e-263,0,0
"260",260,0,3.99999999748989,1.13433361010853e-264,0,0
"261",261,0,3.99999999762436,1.07593523868118e-265,0,0
"262",262,0,3.99999999775047,1.02054336353937e-266,0,0
"263",263,0,3.99999999786877,9.68003202628512e-268,0,0
"264",264,0,3.9999999979798,9.18167942466765e-269,0,0
"265",265,0,3.99999999808405,8.70898327902725e-270,0,0
"266",266,0,3.99999999818196,8.26062272993392e-271,0,0
"267",267,0,3.99999999827397,7.83534491915143e-272,0,0
"268",268,0,3.99999999836046,7.43196148876336e-273,0,0
"269",269,0,3.9999999984418,7.04934526053303e-274,0,0
"270",270,0,3.99999999851832,6.68642708621842e-275,0,0
"271",271,0,3.99999999859034,6.34219286004084e-276,0,0
"272",272,0,3.99999999865816,6.01568068495933e-277,0,0
"273",273,0,3.99999999872203,5.70597818483239e-278,0,0
"274",274,0,3.99999999878222,5.41221995495647e-279,0,0
"275",275,0,3.99999999883895,5.13358514385723e-280,0,0
"276",276,0,3.99999999889245,4.86929515957628e-281,0,0
"277",277,0,3.99999999894293,4.61861149404409e-282,0,0
"278",278,0,3.99999999899056,4.38083365945975e-283,0,0
"279",279,0,3.99999999903553,4.15529723091107e-284,0,0
"280",280,0,3.99999999907801,3.94137198976566e-285,0,0
"281",281,0,3.99999999911814,3.7384601626448e-286,0,0
"282",282,0,3.99999999915607,3.54599475105956e-287,0,0
"283",283,0,3.99999999919193,3.36343794704137e-288,0,0
"284",284,0,3.99999999922586,3.19027963033999e-289,0,0
"285",285,0,3.99999999925795,3.02603594298958e-290,0,0
"286",286,0,3.99999999928834,2.87024793725965e-291,0,0
"287",287,0,3.9999999993171,2.72248029321298e-292,0,0
"288",288,0,3.99999999934435,2.58232010228687e-293,0,0
"289",289,0,3.99999999937018,2.44937571349877e-294,0,0
"290",290,0,3.99999999939465,2.32327563905209e-295,0,0
"291",291,0,3.99999999941786,2.2036675162843e-296,0,0
"292",292,0,3.99999999943987,2.09021712305645e-297,0,0
"293",293,0,3.99999999946075,1.98260744383308e-298,0,0
"294",294,0,3.99999999948057,1.88053778384255e-299,0,0
"295",295,0,3.99999999949939,1.78372292884278e-300,0,0
"296",296,0,3.99999999951727,1.69189234814432e-301,0,0
"297",297,0,3.99999999953425,1.60478943866376e-302,0,0
"298",298,0,3.99999999955038,1.52217080789532e-303,0,0
"299",299,0,3.99999999956572,1.44380559379676e-304,0,0
"300",300,0,3.9999999995803,1.36947481968933e-305,0,0
"301",301,0,3.99999999959417,1.29897078236915e-306,0,0
"302",302,0,3.99999999960736,1.23209647172008e-307,0,0
"303",303,0,3.99999999961992,1.16866502020648e-308,0,0
"304",304,0,3.99999999963187,1.10849918070742e-309,0,0
"305",305,0,3.99999999964324,1.05143083123336e-310,0,0
"306",306,0,3.99999999965408,9.9730050514121e-312,0,0
"307",307,0,3.99999999966439,9.45956945535075e-313,0,0
"308",308,0,3.99999999967422,8.97256682583783e-314,0,0
"309",309,0,3.99999999968359,8.51063632866078e-315,0,0
"310",310,0,3.99999999969251,8.07248720457296e-316,0,0
"311",311,0,3.99999999970102,7.65689499339197e-317,0,0
"312",312,0,3.99999999970913,7.26270076533236e-318,0,0
"313",313,0,3.99999999971686,6.88880670652908e-319,0,0
"314",314,0,3.99999999972423,6.53401816625049e-320,0,0
"315",315,0,3.99999999973126,6.19558319884923e-321,0,0
"316",316,0,3.99999999973796,5.87938118551083e-322,0,0
"317",317,0,3.99999999974435,5.43472210425371e-323,0,0
"318",318,0,3.99999999975045,4.94065645841247e-324,0,0
"319",319,0,3.99999999975626,0,0,0
"320",320,0,3.99999999976181,0,0,0
"321",321,0,3.99999999976709,0,0,0
"322",322,0,3.99999999977214,0,0,0
"323",323,0,3.99999999977694,0,0,0
"324",324,0,3.99999999978153,0,0,0
"325",325,0,3.99999999978589,0,0,0
"326",326,0,3.99999999979006,0,0,0
"327",327,0,3.99999999979402,0,0,0
"328",328,0,3.9999999997978,0,0,0
"329",329,0,3.99999999980139,0,0,0
"330",330,0,3.99999999980481,0,0,0
"331",331,0,3.99999999980806,0,0,0
"332",332,0,3.99999999981115,0,0,0
"333",333,0,3.99999999981409,0,0,0
"334",334,0,3.99999999981688,0,0,0
"335",335,0,3.99999999981952,0,0,0
"336",336,0,3.99999999982202,0,0,0
"337",337,0,3.99999999982439,0,0,0
"338",338,0,3.99999999982663,0,0,0
"339",339,0,3.99999999982874,0,0,0
"340",340,0,3.99999999983073,0,0,0
"341",341,0,3.99999999983261,0,0,0
"342",342,0,3.99999999983436,0,0,0
"343",343,0,3.99999999983601,0,0,0
"344",344,0,3.99999999983755,0,0,0
"345",345,0,3.99999999983898,0,0,0
"346",346,0,3.9999999998403,0,0,0
"347",347,0,3.99999999984153,0,0,0
"348",348,0,3.99999999984266,0,0,0
"349",349,0,3.99999999984369,0,0,0
"350",350,0,3.99999999984462,0,0,0
"351",351,0,3.99999999984546,0,0,0
"352",352,0,3.99999999984621,0,0,0
"353",353,0,3.99999999984687,0,0,0
"354",354,0,3.99999999984743,0,0,0
"355",355,0,3.99999999984791,0,0,0
"356",356,0,3.9999999998483,0,0,0
"357",357,0,3.99999999984861,0,0,0
"358",358,0,3.99999999984882,0,0,0
"359",359,0,3.99999999984895,0,0,0
"360",360,0,3.99999999984899,0,0,0
"361",361,0,3.99999999984895,0,0,0
"362",362,0,3.99999999984882,0,0,0
"363",363,0,3.99999999984861,0,0,0
"364",364,0,3.9999999998483,0,0,0
"365",365,0,3.99999999984791,0,0,0
"366",366,0,3.99999999984743,0,0,0
"367",367,0,3.99999999984687,0,0,0
"368",368,0,3.99999999984621,0,0,0
"369",369,0,3.99999999984546,0,0,0
"370",370,0,3.99999999984462,0,0,0
"371",371,0,3.99999999984369,0,0,0
"372",372,0,3.99999999984266,0,0,0
"373",373,0,3.99999999984153,0,0,0
"374",374,0,3.9999999998403,0,0,0
"375",375,0,3.99999999983898,0,0,0
"376",376,0,3.99999999983755,0,0,0
"377",377,0,3.99999999983601,0,0,0
"378",378,0,3.99999999983436,0,0,0
"379",379,0,3.99999999983261,0,0,0
"380",380,0,3.99999999983073,0,0,0
"381",381,0,3.99999999982874,0,0,0
"382",382,0,3.99999999982663,0,0,0
"383",383,0,3.99999999982439,0,0,0
"384",384,0,3.99999999982202,0,0,0
"385",385,0,3.99999999981952,0,0,0
"386",386,0,3.99999999981688,0,0,0
"387",387,0,3.99999999981409,0,0,0
"388",388,0,3.99999999981115,0,0,0
"389",389,0,3.99999999980806,0,0,0
"390",390,0,3.99999999980481,0,0,0
"391",391,0,3.99999999980139,0,0,0
"392",392,0,3.9999999997978,0,0,0
"393",393,0,3.99999999979402,0,0,0
"394",394,0,3.99999999979006,0,0,0
"395",395,0,3.99999999978589,0,0,0
"396",396,0,3.99999999978153,0,0,0
"397",397,0,3.99999999977694,0,0,0
"398",398,0,3.99999999977214,0,0,0
"399",399,0,3.99999999976709,0,0,0
"400",400,0,3.99999999976181,0,0,0
"401",401,0,3.99999999975626,0,0,0
"402",402,0,3.99999999975045,0,0,0
"403",403,0,3.99999999974435,0,0,0
"404",404,0,3.99999999973796,0,0,0
"405",405,0,3.99999999973126,0,0,0
"406",406,0,3.99999999972423,0,0,0
"407",407,0,3.99999999971686,0,0,0
"408",408,0,3.99999999970913,0,0,0
"409",409,0,3.99999999970102,0,0,0
"410",410,0,3.99999999969251,0,0,0
"411",411,0,3.99999999968359,0,0,0
"412",412,0,3.99999999967422,0,0,0
"413",413,0,3.99999999966439,0,0,0
"414",414,0,3.99999999965408,0,0,0
"415",415,0,3.99999999964324,0,0,0
"416",416,0,3.99999999963187,0,0,0
"417",417,0,3.99999999961992,0,0,0
"418",418,0,3.99999999960736,0,0,0
"419",419,0,3.99999999959417,0,0,0
"420",420,0,3.9999999995803,0,0,0
"421",421,0,3.99999999956572,0,0,0
"422",422,0,3.99999999955038,0,0,0
"423",423,0,3.99999999953425,0,0,0
"424",424,0,3.99999999951727,0,0,0
"425",425,0,3.99999999949939,0,0,0
"426",426,0,3.99999999948057,0,0,0
"427",427,0,3.99999999946075,0,0,0
"428",428,0,3.99999999943987,0,0,0
"429",429,0,3.99999999941786,0,0,0
"430",430,0,3.99999999939465,0,0,0
"431",431,0,3.99999999937018,0,0,0
"432",432,0,3.99999999934435,0,0,0
"433",433,0,3.9999999993171,0,0,0
"434",434,0,3.99999999928834,0,0,0
"435",435,0,3.99999999925795,0,0,0
"436",436,0,3.99999999922586,0,0,0
"437",437,0,3.99999999919193,0,0,0
"438",438,0,3.99999999915607,0,0,0
"439",439,0,3.99999999911814,0,0,0
"440",440,0,3.99999999907801,0,0,0
"441",441,0,3.99999999903553,0,0,0
"442",442,0,3.99999999899056,0,0,0
"443",443,0,3.99999999894293,0,0,0
"444",444,0,3.99999999889245,0,0,0
"445",445,0,3.99999999883895,0,0,0
"446",446,0,3.99999999878222,0,0,0
"447",447,0,3.99999999872203,0,0,0
"448",448,0,3.99999999865816,0,0,0
"449",449,0,3.99999999859034,0,0,0
"450",450,0,3.99999999851832,0,0,0
"451",451,0,3.9999999984418,0,0,0
"452",452,0,3.99999999836046,0,0,0
"453",453,0,3.99999999827397,0,0,0
"454",454,0,3.99999999818196,0,0,0
"455",455,0,3.99999999808405,0,0,0
"456",456,0,3.9999999979798,0,0,0
"457",457,0,3.99999999786877,0,0,0
"458",458,0,3.99999999775047,0,0,0
"459",459,0,3.99999999762436,0,0,0
"460",460,0,3.99999999748989,0,0,0
"461",461,0,3.99999999734643,0,0,0
"462",462,0,3.99999999719332,0,0,0
"463",463,0,3.99999999702985,0,0,0
"464",464,0,3.99999999685524,0,0,0
"465",465,0,3.99999999666865,0,0,0
"466",466,0,3.99999999646918,0,0,0
"467",467,0,3.99999999625586,0,0,0
"468",468,0,3.99999999602762,0,0,0
"469",469,0,3.99999999578333,0,0,0
"470",470,0,3.99999999552174,0,0,0
"471",471,0,3.99999999524151,0,0,0
"472",472,0,3.99999999494118,0,0,0
"473",473,0,3.99999999461919,0,0,0
"474",474,0,3.99999999427383,0,0,0
"475",475,0,3.99999999390324,0,0,0
"476",476,0,3.99999999350541,0,0,0
"477",477,0,3.99999999307817,0,0,0
"478",478,0,3.99999999261915,0,0,0
"479",479,0,3.99999999212577,0,0,0
"480",480,0,3.99999999159524,0,0,0
"481",481,0,3.99999999102453,0,0,0
"482",482,0,3.99999999041034,0,0,0
"483",483,0,3.99999998974908,0,0,0
"484",484,0,3.99999998903683,0,0,0
"485",485,0,3.99999998826936,0,0,0
"486",486,0,3.99999998744203,0,0,0
"487",487,0,3.99999998654981,0,0,0
"488",488,0,3.99999998558719,0,0,0
"489",489,0,3.9999999845482,0,0,0
"490",490,0,3.9999999834263,0,0,0
"491",491,0,3.99999998221439,0,0,0
"492",492,0,3.99999998090468,0,0,0
"493",493,0,3.99999997948871,0,0,0
"494",494,0,3.99999997795721,0,0,0
"495",495,0,3.99999997630008,0,0,0
"496",496,0,3.99999997450626,0,0,0
"497",497,0,3.99999997256368,0,0,0
"498",498,0,3.99999997045914,0,0,0
"499",499,0,3.99999996817819,0,0,0
"500",500,0,3.99999996570502,0,0,0
"501",501,0,3.99999996302236,0,0,0
"502",502,0,3.99999996011124,0,0,0
"503",503,0,3.99999995695093,0,0,0
"504",504,0,3.99999995351869,0,0,0
"505",505,0,3.99999994978961,0,0,0
"506",506,0,3.99999994573636,0,0,0
"507",507,0,3.99999994132899,0,0,0
"508",508,0,3.9999999365346,0,0,0
"509",509,0,3.99999993131711,0,0,0
"510",510,0,3.99999992563689,0,0,0
"511",511,0,3.99999991945041,0,0,0
"512",512,0,3.99999991270985,0,0,0
"513",513,0,3.99999990536265,0,0,0
"514",514,0,3.99999989735099,0,0,0
"515",515,0,3.99999988861132,0,0,0
"516",516,0,3.99999987907369,0,0,0
"517",517,0,3.99999986866112,0,0,0
"518",518,0,3.99999985728884,0,0,0
"519",519,0,3.99999984486352,0,0,0
"520",520,0,3.9999998312823,0,0,0
"521",521,0,3.99999981643183,0,0,0
"522",522,0,3.99999980018714,0,0,0
"523",523,0,3.99999978241041,0,0,0
"524",524,0,3.9999997629496,0,0,0
"525",525,0,3.9999997416369,0,0,0
"526",526,0,3.99999971828707,0,0,0
"527",527,0,3.99999969269555,0,0,0
"528",528,0,3.99999966463636,0,0,0
"529",529,0,3.99999963385978,0,0,0
"530",530,0,3.99999960008977,0,0,0
"531",531,0,3.9999995630211,0,0,0
"532",532,0,3.99999952231613,0,0,0
"533",533,0,3.99999947760129,0,0,0
"534",534,0,3.99999942846309,0,0,0
"535",535,0,3.9999993744437,0,0,0
"536",536,0,3.99999931503606,0,0,0
"537",537,0,3.99999924967841,0,0,0
"538",538,0,3.99999917774816,0,0,0
"539",539,0,3.99999909855509,0,0,0
"540",540,0,3.9999990113338,0,0,0
"541",541,0,3.9999989152352,0,0,0
"542",542,0,3.99999880931712,0,0,0
"543",543,0,3.99999869253372,0,0,0
"544",544,0,3.99999856372378,0,0,0
"545",545,0,3.99999842159752,0,0,0
"546",546,0,3.99999826472197,0,0,0
"547",547,0,3.99999809150455,0,0,0
"548",548,0,3.99999790017477,0,0,0
"549",549,0,3.99999768876375,0,0,0
"550",550,0,3.99999745508134,0,0,0
"551",551,0,3.99999719669046,0,0,0
"552",552,0,3.99999691087856,0,0,0
"553",553,0,3.99999659462543,0,0,0
"554",554,0,3.99999624456745,0,0,0
"555",555,0,3.99999585695731,0,0,0
"556",556,0,3.99999542761912,0,0,0
"557",557,0,3.99999495189793,0,0,0
"558",558,0,3.99999442460331,0,0,0
"559",559,0,3.99999383994609,0,0,0
"560",560,0,3.99999319146734,0,0,0
"561",561,0,3.99999247195892,0,0,0
"562",562,0,3.99999167337418,0,0,0
"563",563,0,3.99999078672792,0,0,0
"564",564,0,3.99998980198404,0,0,0
"565",565,0,3.9999887079295,0,0,0
"566",566,0,3.99998749203277,0,0,0
"567",567,0,3.99998614028488,0,0,0
"568",568,0,3.99998463702092,0,0,0
"569",569,0,3.99998296471948,0,0,0
"570",570,0,3.99998110377723,0,0,0
"571",571,0,3.99997903225556,0,0,0
"572",572,0,3.9999767255958,0,0,0
"573",573,0,3.99997415629885,0,0,0
"574",574,0,3.99997129356492,0,0,0
"575",575,0,3.99996810288815,0,0,0
"576",576,0,3.99996454560048,0,0,0
"577",577,0,3.99996057835819,0,0,0
"578",578,0,3.99995615256388,0,0,0
"579",579,0,3.9999512137155,0,0,0
"580",580,0,3.99994570067323,0,0,0
"581",581,0,3.99993954483347,0,0,0
"582",582,0,3.99993266919818,0,0,0
"583",583,0,3.99992498732583,0,0,0
"584",584,0,3.99991640214892,0,0,0
"585",585,0,3.99990680464061,0,0,0
"586",586,0,3.99989607231095,0,0,0
"587",587,0,3.99988406751063,0,0,0
"588",588,0,3.99987063551716,0,0,0
"589",589,0,3.99985560237513,0,0,0
"590",590,0,3.99983877245846,0,0,0
"591",591,0,3.99981992571835,0,0,0
"592",592,0,3.99979881457563,0,0,0
"593",593,0,3.99977516041114,0,0,0
"594",594,0,3.99974864960099,0,0,0
"595",595,0,3.99971892903715,0,0,0
"596",596,0,3.99968560106543,0,0,0
"597",597,0,3.99964821776388,0,0,0
"598",598,0,3.99960627447469,0,0,0
"599",599,0,3.99955920249057,0,0,0
"600",600,0,3.99950636078365,0,0,0
"601",601,0,3.99944702664992,0,0,0
"602",602,0,3.99938038512481,0,0,0
"603",603,0,3.99930551700672,0,0,0
"604",604,0,3.9992213853026,0,0,0
"605",605,0,3.99912681988531,0,0,0
"606",606,0,3.9990205001235,0,0,0
"607",607,0,3.99890093521299,0,0,0
"608",608,0,3.99876644190135,0,0,0
"609",609,0,3.99861511925623,0,0,0
"610",610,0,3.9984448200801,0,0,0
"611",611,0,3.99825311852042,0,0,0
"612",612,0,3.99803727336283,0,0,0
"613",613,0,3.99779418642527,0,0,0
"614",614,0,3.99752035539169,0,0,0
"615",615,0,3.99721182033372,0,0,0
"616",616,0,3.99686410306627,0,0,0
"617",617,0,3.99647213836606,0,0,0
"618",618,0,3.99603019594978,0,0,0
"619",619,0,3.9955317919568,0,0,0
"620",620,0,3.99496958851021,0,0,0
"621",621,0,3.99433527973363,0,0,0
"622",622,0,3.99361946237904,0,0,0
"623",623,0,3.99281148896696,0,0,0
"624",624,0,3.99189930105203,0,0,0
"625",625,0,3.9908692398983,0,0,0
"626",626,0,3.98970583147437,0,0,0
"627",627,0,3.9883915422528,0,0,0
"628",628,0,3.98690650181263,0,0,0
"629",629,0,3.98522818769173,0,0,0
"630",630,0,3.98333106730615,0,0,0
"631",631,0,3.98118619103678,0,0,0
"632",632,0,3.97876072976729,0,0,0
"633",633,0,3.97601744922667,0,0,0
"634",634,0,3.97291411242996,0,0,0
"635",635,0,3.9694028003033,0,0,0
"636",636,0,3.96542913920287,0,0,0
"637",637,0,3.96093142246969,0,0,0
"638",638,0,3.95583961137487,0,0,0
"639",639,0,3.95007419877344,0,0,0
"640",640,0,3.9435449164635,0,0,0
"641",641,0,3.93614926460188,0,0,0
"642",642,0,3.92777083851131,0,0,0
"643",643,0,3.9182774247768,0,0,0
"644",644,0,3.90751883460933,0,0,0
"645",645,0,3.89532443798774,0,0,0
"646",646,0,3.88150035699563,0,0,0
"647",647,0,3.86582627096309,0,0,0
"648",648,0,3.84805177940145,0,0,0
"649",649,0,3.8278922611698,0,0,0
"650",650,0,3.80502415970327,0,0,0
"651",651,0,3.77907961431711,0,0,0
"652",652,0,3.74964034640701,0,0,0
"653",653,0,3.71623069660167,0,0,0
"654",654,0,3.67830969436727,0,0,0
"655",655,0,3.6352620249639,0,0,0
"656",656,0,3.58638773972255,0,0,0
"657",657,0,3.53089053402219,0,0,0
"658",658,0,3.46786439272419,0,0,0
"659",659,0,3.39627837474037,0,0,0
"660",660,0,3.31495927638607,0,0,0
"661",661,0,3.22257187664356,0,0,0
"662",662,0,3.11759642580554,0,0,0
"663",663,0,2.99830299145788,0,0,0
"664",664,0,2.86272222157677,0,0,0
"665",665,0,2.70861202271729,0,0,0
"666",666,0,2.5334195807903,0,0,0
"667",667,0,2.33423807154326,0,0,0
"668",668,0,2.10775731618732,0,0,0
"669",669,0,1.85020753306222,0,0,0
"670",670,0,1.55729521699821,0,0,0
"671",671,0,1.22413004205532,0,0,0
"672",672,0,0.845141528251674,0,0,0
"673",673,0,0.413984036054885,0,0,0
"674",674,0,0,0,0,0
"675",675,0,0,0,0,0
"676",676,0,0,0,0,0
"677",677,0,0,0,0,0
"678",678,0,0,0,0,0
"679",679,0,0,0,0,0
"680",680,0,0,0,0,0
"681",681,0,0,0,0,0
"682",682,0,0,0,0,0
"683",683,0,0,0,0,0
"684",684,0,0,0,0,0
"685",685,0,0,0,0,0
"686",686,0,0,0,0,0
"687",687,0,0,0,0,0
"688",688,0,0,0,0,0
"689",689,0,0,0,0,0
"690",690,0,0,0,0,0
"691",691,0,0,0,0,0
"692",692,0,0,0,0,0
"693",693,0,0,0,0,0
"694",694,0,0,0,0,0
"695",695,0,0,0,0,0
"696",696,0,0,0,0,0
"697",697,0,0,0,0,0
"698",698,0,0,0,0,0
"699",699,0,0,0,0,0
"700",700,0,0,0,0,0
"701",701,0,0,0,0,0
"702",702,0,0,0,0,0
"703",703,0,0,0,0,0
"704",704,0,0,0,0,0
"705",705,0,0,0,0,0
"706",706,0,0,0,0,0
"707",707,0,0,0,0,0
"708",708,0,0,0,0,0
"709",709,0,0,0,0,0
"710",710,0,0,0,0,0
"711",711,0,0,0,0,0
"712",712,0,0,0,0,0
"713",713,0,0,0,0,0
"714",714,0,0,0,0,0
"715",715,0,0,0,0,0
"716",716,0,0,0,0,0
"717",717,0,0,0,0,0
"718",718,0,0,0,0,0
"719",719,0,0,0,0,0
"720",720,0,0,0,0,0
"721",721,0,0,0,0,0
"722",722,0,0,0,0,0
"723",723,0,0,0,0,0
"724",724,0,0,0,0,0
"725",725,0,0,0,0,0
"726",726,0,0,0,0,0
"727",727,0,0,0,0,0
"728",728,0,0,0,0,0
"729",729,0,0,0,0,0
"730",730,0,0,0,0,0
"731",731,0,0,0,0,0
"732",732,0,0,0,0,0
"733",733,0,0,0,0,0
"734",734,0,0,0,0,0
"735",735,0,0,0,0,0
"736",736,0,0,0,0,0
"737",737,0,0,0,0,0
"738",738,0,0,0,0,0
"739",739,0,0,0,0,0
"740",740,0,0,0,0,0
"741",741,0,0,0,0,0
"742",742,0,0,0,0,0
"743",743,0,0,0,0,0
"744",744,0,0,0,0,0
"745",745,0,0,0,0,0
"746",746,0,0,0,0,0
"747",747,0,0,0,0,0
"748",748,0,0,0,0,0
"749",749,0,0,0,0,0
"750",750,0,0,0,0,0
"751",751,0,0,0,0,0
"752",752,0,0,0,0,0
"753",753,0,0,0,0,0
"754",754,0,0,0,0,0
"755",755,0,0,0,0,0
"756",756,0,0,0,0,0
"757",757,0,0,0,0,0
"758",758,0,0,0,0,0
"759",759,0,0,0,0,0
"760",760,0,0,0,0,0
"761",761,0,0,0,0,0
"762",762,0,0,0,0,0
"763",763,0,0,0,0,0
"764",764,0,0,0,0,0
"765",765,0,0,0,0,0
"766",766,0,0,0,0,0
"767",767,0,0,0,0,0
"768",768,0,0,0,0,0
"769",769,0,0,0,0,0
"770",770,0,0,0,0,0
"771",771,0,0,0,0,0
"772",772,0,0,0,0,0
"773",773,0,0,0,0,0
"774",774,0,0,0,0,0
"775",775,0,0,0,0,0
"776",776,0,0,0,0,0
"777",777,0,0,0,0,0
"778",778,0,0,0,0,0
"779",779,0,0,0,0,0
"780",780,0,0,0,0,0
"781",781,0,0,0,0,0
"782",782,0,0,0,0,0
"783",783,0,0,0,0,0
"784",784,0,0,0,0,0
"785",785,0,0,0,0,0
"786",786,0,0,0,0,0
"787",787,0,0,0,0,0
"788",788,0,0,0,0,0
"789",789,0,0,0,0,0
"790",790,0,0,0,0,0
"791",791,0,0,0,0,0
"792",792,0,0,0,0,0
"793",793,0,0,0,0,0
"794",794,0,0,0,0,0
"795",795,0,0,0,0,0
"796",796,0,0,0,0,0
"797",797,0,0,0,0,0
"798",798,0,0,0,0,0
"799",799,0,0,0,0,0
"800",800,0,0,0,0,0
"801",801,0,0,0,0,0
"802",802,0,0,0,0,0
"803",803,0,0,0,0,0
"804",804,0,0,0,0,0
"805",805,0,0,0,0,0
"806",806,0,0,0,0,0
"807",807,0,0,0,0,0
"808",808,0,0,0,0,0
"809",809,0,0,0,0,0
"810",810,0,0,0,0,0
"811",811,0,0,0,0,0
"812",812,0,0,0,0,0
"813",813,0,0,0,0,0
"814",814,0,0,0,0,0
"815",815,0,0,0,0,0
"816",816,0,0,0,0,0
"817",817,0,0,0,0,0
"818",818,0,0,0,0,0
"819",819,0,0,0,0,0
"820",820,0,0,0,0,0
"821",821,0,0,0,0,0
"822",822,0,0,0,0,0
"823",823,0,0,0,0,0
"824",824,0,0,0,0,0
"825",825,0,0,0,0,0
"826",826,0,0,0,0,0
"827",827,0,0,0,0,0
"828",828,0,0,0,0,0
"829",829,0,0,0,0,0
"830",830,0,0,0,0,0
"831",831,0,0,0,0,0
"832",832,0,0,0,0,0
"833",833,0,0,0,0,0
"834",834,0,0,0,0,0
"835",835,0,0,0,0,0
"836",836,0,0,0,0,0
"837",837,0,0,0,0,0
"838",838,0,0,0,0,0
"839",839,0,0,0,0,0
"840",840,0,0,0,0,0
"841",841,0,0,0,0,0
"842",842,0,0,0,0,0
"843",843,0,0,0,0,0
"844",844,0,0,0,0,0
"845",845,0,0,0,0,0
"846",846,0,0,0,0,0
"847",847,0,0,0,0,0
"848",848,0,0,0,0,0
"849",849,0,0,0,0,0
"850",850,0,0,0,0,0
"851",851,0,0,0,0,0
"852",852,0,0,0,0,0
"853",853,0,0,0,0,0
"854",854,0,0,0,0,0
"855",855,0,0,0,0,0
"856",856,0,0,0,0,0
"857",857,0,0,0,0,0
"858",858,0,0,0,0,0
"859",859,0,0,0,0,0
"860",860,0,0,0,0,0
"861",861,0,0,0,0,0
"862",862,0,0,0,0,0
"863",863,0,0,0,0,0
"864",864,0,0,0,0,0
"865",865,0,0,0,0,0
"866",866,0,0,0,0,0
"867",867,0,0,0,0,0
"868",868,0,0,0,0,0
"869",869,0,0,0,0,0
"870",870,0,0,0,0,0
"871",871,0,0,0,0,0
"872",872,0,0,0,0,0
"873",873,0,0,0,0,0
"874",874,0,0,0,0,0
"875",875,0,0,0,0,0
"876",876,0,0,0,0,0
"877",877,0,0,0,0,0
"878",878,0,0,0,0,0
"879",879,0,0,0,0,0
"880",880,0,0,0,0,0
"881",881,0,0,0,0,0
"882",882,0,0,0,0,0
"883",883,0,0,0,0,0
"884",884,0,0,0,0,0
"885",885,0,0,0,0,0
"886",886,0,0,0,0,0
"887",887,0,0,0,0,0
"888",888,0,0,0,0,0
"889",889,0,0,0,0,0
"890",890,0,0,0,0,0
"891",891,0,0,0,0,0
"892",892,0,0,0,0,0
"893",893,0,0,0,0,0
"894",894,0,0,0,0,0
"895",895,0,0,0,0,0
"896",896,0,0,0,0,0
"897",897,0,0,0,0,0
"898",898,0,0,0,0,0
"899",899,0,0,0,0,0
"900",900,0,0,0,0,0
"901",901,0,0,0,0,0
"902",902,0,0,0,0,0
"903",903,0,0,0,0,0
"904",904,0,0,0,0,0
"905",905,0,0,0,0,0
"906",906,0,0,0,0,0
"907",907,0,0,0,0,0
"908",908,0,0,0,0,0
"909",909,0,0,0,0,0
"910",910,0,0,0,0,0
"911",911,0,0,0,0,0
"912",912,0,0,0,0,0
"913",913,0,0,0,0,0
"914",914,0,0,0,0,0
"915",915,0,0,0,0,0
"916",916,0,0,0,0,0
"917",917,0,0,0,0,0
"918",918,0,0,0,0,0
"919",919,0,0,0,0,0
"920",920,0,0,0,0,0
"921",921,0,0,0,0,0
"922",922,0,0,0,0,0
"923",923,0,0,0,0,0
"924",924,0,0,0,0,0
"925",925,0,0,0,0,0
"926",926,0,0,0,0,0
"927",927,0,0,0,0,0
"928",928,0,0,0,0,0
"929",929,0,0,0,0,0
"930",930,0,0,0,0,0
"931",931,0,0,0,0,0
"932",932,0,0,0,0,0
"933",933,0,0,0,0,0
"934",934,0,0,0,0,0
"935",935,0,0,0,0,0
"936",936,0,0,0,0,0
"937",937,0,0,0,0,0
"938",938,0,0,0,0,0
"939",939,0,0,0,0,0
"940",940,0,0,0,0,0
"941",941,0,0,0,0,0
"942",942,0,0,0,0,0
"943",943,0,0,0,0,0
"944",944,0,0,0,0,0
"945",945,0,0,0,0,0
"946",946,0,0,0,0,0
"947",947,0,0,0,0,0
"948",948,0,0,0,0,0
"949",949,0,0,0,0,0
"950",950,0,0,0,0,0
"951",951,0,0,0,0,0
"952",952,0,0,0,0,0
"953",953,0,0,0,0,0
"954",954,0,0,0,0,0
"955",955,0,0,0,0,0
"956",956,0,0,0,0,0
"957",957,0,0,0,0,0
"958",958,0,0,0,0,0
"959",959,0,0,0,0,0
"960",960,0,0,0,0,0
"961",961,0,0,0,0,0
"962",962,0,0,0,0,0
"963",963,0,0,0,0,0
"964",964,0,0,0,0,0
"965",965,0,0,0,0,0
"966",966,0,0,0,0,0
"967",967,0,0,0,0,0
"968",968,0,0,0,0,0
"969",969,0,0,0,0,0
"970",970,0,0,0,0,0
"971",971,0,0,0,0,0
"972",972,0,0,0,0,0
"973",973,0,0,0,0,0
"974",974,0,0,0,0,0
"975",975,0,0,0,0,0
"976",976,0,0,0,0,0
"977",977,0,0,0,0,0
"978",978,0,0,0,0,0
"979",979,0,0,0,0,0
"980",980,0,0,0,0,0
"981",981,0,0,0,0,0
"982",982,0,0,0,0,0
"983",983,0,0,0,0,0
"984",984,0,0,0,0,0
"985",985,0,0,0,0,0
"986",986,0,0,0,0,0
"987",987,0,0,0,0,0
"988",988,0,0,0,0,0
"989",989,0,0,0,0,0
"990",990,0,0,0,0,0
"991",991,0,0,0,0,0
"992",992,0,0,0,0,0
"993",993,0,0,0,0,0
"994",994,0,0,0,0,0
"995",995,0,0,0,0,0
"996",996,0,0,0,0,0
"997",997,0,0,0,0,0
"998",998,0,0,0,0,0
"999",999,0,0,0,0,0
"1000",1000,0,0,0,0,0
"1001",1001,0,0,0,0,0
"1002",1002,0,0,0,0,0
"1003",1003,0,0,0,0,0
"1004",1004,0,0,0,0,0
"1005",1005,0,0,0,0,0
"1006",1006,0,0,0,0,0
"1007",1007,0,0,0,0,0
"1008",1008,0,0,0,0,0
"1009",1009,0,0,0,0,0
"1010",1010,0,0,0,0,0
"1011",1011,0,0,0,0,0
"1012",1012,0,0,0,0,0
"1013",1013,0,0,0,0,0
"1014",1014,0,0,0,0,0
"1015",1015,0,0,0,0,0
"1016",1016,0,0,0,0,0
"1017",1017,0,0,0,0,0
"1018",1018,0,0,0,0,0
"1019",1019,0,0,0,0,0
"1020",1020,0,0,0,0,0
"1021",1021,0,0,0,0,0
"1022",1022,0,0,0,0,0
"1023",1023,0,0,0,0,0
"1024",1024,0,0,0,0,0
"1025",1025,0,0,0,0,0
"1026",1026,0,0,0,0,0
"1027",1027,0,0,0,0,0
"1028",1028,0,0,0,0,0
"1029",1029,0,0,0,0,0
"1030",1030,0,0,0,0,0
"1031",1031,0,0,0,0,0
"1032",1032,0,0,0,0,0
"1033",1033,0,0,0,0,0
"1034",1034,0,0,0,0,0
"1035",1035,0,0,0,0,0
"1036",1036,0,0,0,0,0
"1037",1037,0,0,0,0,0
"1038",1038,0,0,0,0,0
"1039",1039,0,0,0,0,0
"1040",1040,0,0,0,0,0
"1041",1041,0,0,0,0,0
"1042",1042,0,0,0,0,0
"1043",1043,0,0,0,0,0
"1044",1044,0,0,0,0,0
"1045",1045,0,0,0,0,0
"1046",1046,0,0,0,0,0
"1047",1047,0,0,0,0,0
"1048",1048,0,0,0,0,0
"1049",1049,0,0,0,0,0
"1050",1050,0,0,0,0,0
"1051",1051,0,0,0,0,0
"1052",1052,0,0,0,0,0
"1053",1053,0,0,0,0,0
"1054",1054,0,0,0,0,0
"1055",1055,0,0,0,0,0
"1056",1056,0,0,0,0,0
"1057",1057,0,0,0,0,0
"1058",1058,0,0,0,0,0
"1059",1059,0,0,0,0,0
"1060",1060,0,0,0,0,0
"1061",1061,0,0,0,0,0
"1062",1062,0,0,0,0,0
"1063",1063,0,0,0,0,0
"1064",1064,0,0,0,0,0
"1065",1065,0,0,0,0,0
"1066",1066,0,0,0,0,0
"1067",1067,0,0,0,0,0
"1068",1068,0,0,0,0,0
"1069",1069,0,0,0,0,0
"1070",1070,0,0,0,0,0
"1071",1071,0,0,0,0,0
"1072",1072,0,0,0,0,0
"1073",1073,0,0,0,0,0
"1074",1074,0,0,0,0,0
"1075",1075,0,0,0,0,0
"1076",1076,0,0,0,0,0
"1077",1077,0,0,0,0,0
"1078",1078,0,0,0,0,0
"1079",1079,0,0,0,0,0
"1080",1080,0,0,0,0,0
"1081",1081,0,0,0,0,0
"1082",1082,0,0,0,0,0
"1083",1083,0,0,0,0,0
"1084",1084,0,0,0,0,0
"1085",1085,0,0,0,0,0
"1086",1086,0,0,0,0,0
"1087",1087,0,0,0,0,0
"1088",1088,0,0,0,0,0
"1089",1089,0,0,0,0,0
"1090",1090,0,0,0,0,0
"1091",1091,0,0,0,0,0
"1092",1092,0,0,0,0,0
"1093",1093,0,0,0,0,0
"1094",1094,0,0,0,0,0
"1095",1095,0,0,0,0,0
"1096",1096,0,0,0,0,0
"1097",1097,0,0,0,0,0
"1098",1098,0,0,0,0,0
"1099",1099,0,0,0,0,0
"1100",1100,0,0,0,0,0
"1101",1101,0,0,0,0,0
"1102",1102,0,0,0,0,0
"1103",1103,0,0,0,0,0
"1104",1104,0,0,0,0,0
"1105",1105,0,0,0,0,0
"1106",1106,0,0,0,0,0
"1107",1107,0,0,0,0,0
"1108",1108,0,0,0,0,0
"1109",1109,0,0,0,0,0
"1110",1110,0,0,0,0,0
"1111",1111,0,0,0,0,0
"1112",1112,0,0,0,0,0
"1113",1113,0,0,0,0,0
"1114",1114,0,0,0,0,0
"1115",1115,0,0,0,0,0
"1116",1116,0,0,0,0,0
"1117",1117,0,0,0,0,0
"1118",1118,0,0,0,0,0
"1119",1119,0,0,0,0,0
"1120",1120,0,0,0,0,0
"1121",1121,0,0,0,0,0
"1122",1122,0,0,0,0,0
"1123",1123,0,0,0,0,0
"1124",1124,0,0,0,0,0
"1125",1125,0,0,0,0,0
"1126",1126,0,0,0,0,0
"1127",1127,0,0,0,0,0
"1128",1128,0,0,0,0,0
"1129",1129,0,0,0,0,0
"1130",1130,0,0,0,0,0
"1131",1131,0,0,0,0,0
"1132",1132,0,0,0,0,0
"1133",1133,0,0,0,0,0
"1134",1134,0,0,0,0,0
"1135",1135,0,0,0,0,0
"1136",1136,0,0,0,0,0
"1137",1137,0,0,0,0,0
"1138",1138,0,0,0,0,0
"1139",1139,0,0,0,0,0
"1140",1140,0,0,0,0,0
"1141",1141,0,0,0,0,0
"1142",1142,0,0,0,0,0
"1143",1143,0,0,0,0,0
"1144",1144,0,0,0,0,0
"1145",1145,0,0,0,0,0
"1146",1146,0,0,0,0,0
"1147",1147,0,0,0,0,0
"1148",1148,0,0,0,0,0
"1149",1149,0,0,0,0,0
"1150",1150,0,0,0,0,0
"1151",1151,0,0,0,0,0
"1152",1152,0,0,0,0,0
"1153",1153,0,0,0,0,0
"1154",1154,0,0,0,0,0
"1155",1155,0,0,0,0,0
"1156",1156,0,0,0,0,0
"1157",1157,0,0,0,0,0
"1158",1158,0,0,0,0,0
"1159",1159,0,0,0,0,0
"1160",1160,0,0,0,0,0
"1161",1161,0,0,0,0,0
"1162",1162,0,0,0,0,0
"1163",1163,0,0,0,0,0
"1164",1164,0,0,0,0,0
"1165",1165,0,0,0,0,0
"1166",1166,0,0,0,0,0
"1167",1167,0,0,0,0,0
"1168",1168,0,0,0,0,0
"1169",1169,0,0,0,0,0
"1170",1170,0,0,0,0,0
"1171",1171,0,0,0,0,0
"1172",1172,0,0,0,0,0
"1173",1173,0,0,0,0,0
"1174",1174,0,0,0,0,0
"1175",1175,0,0,0,0,0
"1176",1176,0,0,0,0,0
"1177",1177,0,0,0,0,0
"1178",1178,0,0,0,0,0
"1179",1179,0,0,0,0,0
"1180",1180,0,0,0,0,0
"1181",1181,0,0,0,0,0
"1182",1182,0,0,0,0,0
"1183",1183,0,0,0,0,0
"1184",1184,0,0,0,0,0
"1185",1185,0,0,0,0,0
"1186",1186,0,0,0,0,0
"1187",1187,0,0,0,0,0
"1188",1188,0,0,0,0,0
"1189",1189,0,0,0,0,0
"1190",1190,0,0,0,0,0
"1191",1191,0,0,0,0,0
"1192",1192,0,0,0,0,0
"1193",1193,0,0,0,0,0
"1194",1194,0,0,0,0,0
"1195",1195,0,0,0,0,0
"1196",1196,0,0,0,0,0
"1197",1197,0,0,0,0,0
"1198",1198,0,0,0,0,0
"1199",1199,0,0,0,0,0
"1200",1200,0,0,0,0,0
"1201",1201,0,0,0,0,0
"1202",1202,0,0,0,0,0
"1203",1203,0,0,0,0,0
"1204",1204,0,0,0,0,0
"1205",1205,0,0,0,0,0
"1206",1206,0,0,0,0,0
"1207",1207,0,0,0,0,0
"1208",1208,0,0,0,0,0
"1209",1209,0,0,0,0,0
"1210",1210,0,0,0,0,0
"1211",1211,0,0,0,0,0
"1212",1212,0,0,0,0,0
"1213",1213,0,0,0,0,0
"1214",1214,0,0,0,0,0
"1215",1215,0,0,0,0,0
"1216",1216,0,0,0,0,0
"1217",1217,0,0,0,0,0
"1218",1218,0,0,0,0,0
"1219",1219,0,0,0,0,0
"1220",1220,0,0,0,0,0
"1221",1221,0,0,0,0,0
"1222",1222,0,0,0,0,0
"1223",1223,0,0,0,0,0
"1224",1224,0,0,0,0,0
"1225",1225,0,0,0,0,0
"1226",1226,0,0,0,0,0
"1227",1227,0,0,0,0,0
"1228",1228,0,0,0,0,0
"1229",1229,0,0,0,0,0
"1230",1230,0,0,0,0,0
"1231",1231,0,0,0,0,0
"1232",1232,0,0,0,0,0
"1233",1233,0,0,0,0,0
"1234",1234,0,0,0,0,0
"1235",1235,0,0,0,0,0
"1236",1236,0,0,0,0,0
"1237",1237,0,0,0,0,0
"1238",1238,0,0,0,0,0
"1239",1239,0,0,0,0,0
"1240",1240,0,0,0,0,0
"1241",1241,0,0,0,0,0
"1242",1242,0,0,0,0,0
"1243",1243,0,0,0,0,0
"1244",1244,0,0,0,0,0
"1245",1245,0,0,0,0,0
"1246",1246,0,0,0,0,0
"1247",1247,0,0,0,0,0
"1248",1248,0,0,0,0,0
"1249",1249,0,0,0,0,0
"1250",1250,0,0,0,0,0
"1251",1251,0,0,0,0,0
"1252",1252,0,0,0,0,0
"1253",1253,0,0,0,0,0
"1254",1254,0,0,0,0,0
"1255",1255,0,0,0,0,0
"1256",1256,0,0,0,0,0
"1257",1257,0,0,0,0,0
"1258",1258,0,0,0,0,0
"1259",1259,0,0,0,0,0
"1260",1260,0,0,0,0,0
"1261",1261,0,0,0,0,0
"1262",1262,0,0,0,0,0
"1263",1263,0,0,0,0,0
"1264",1264,0,0,0,0,0
"1265",1265,0,0,0,0,0
"1266",1266,0,0,0,0,0
"1267",1267,0,0,0,0,0
"1268",1268,0,0,0,0,0
"1269",1269,0,0,0,0,0
"1270",1270,0,0,0,0,0
"1271",1271,0,0,0,0,0
"1272",1272,0,0,0,0,0
"1273",1273,0,0,0,0,0
"1274",1274,0,0,0,0,0
"1275",1275,0,0,0,0,0
"1276",1276,0,0,0,0,0
"1277",1277,0,0,0,0,0
"1278",1278,0,0,0,0,0
"1279",1279,0,0,0,0,0
"1280",1280,0,0,0,0,0
"1281",1281,0,0,0,0,0
"1282",1282,0,0,0,0,0
"1283",1283,0,0,0,0,0
"1284",1284,0,0,0,0,0
"1285",1285,0,0,0,0,0
"1286",1286,0,0,0,0,0
"1287",1287,0,0,0,0,0
"1288",1288,0,0,0,0,0
"1289",1289,0,0,0,0,0
"1290",1290,0,0,0,0,0
"1291",1291,0,0,0,0,0
"1292",1292,0,0,0,0,0
"1293",1293,0,0,0,0,0
"1294",1294,0,0,0,0,0
"1295",1295,0,0,0,0,0
"1296",1296,0,0,0,0,0
"1297",1297,0,0,0,0,0
"1298",1298,0,0,0,0,0
"1299",1299,0,0,0,0,0
"1300",1300,0,0,0,0,0
"1301",1301,0,0,0,0,0
"1302",1302,0,0,0,0,0
"1303",1303,0,0,0,0,0
"1304",1304,0,0,0,0,0
"1305",1305,0,0,0,0,0
"1306",1306,0,0,0,0,0
"1307",1307,0,0,0,0,0
"1308",1308,0,0,0,0,0
"1309",1309,0,0,0,0,0
"1310",1310,0,0,0,0,0
"1311",1311,0,0,0,0,0
"1312",1312,0,0,0,0,0
"1313",1313,0,0,0,0,0
"1314",1314,0,0,0,0,0
"1315",1315,0,0,0,0,0
"1316",1316,0,0,0,0,0
"1317",1317,0,0,0,0,0
"1318",1318,0,0,0,0,0
"1319",1319,0,0,0,0,0
"1320",1320,0,0,0,0,0
"1321",1321,0,0,0,0,0
"1322",1322,0,0,0,0,0
"1323",1323,0,0,0,0,0
"1324",1324,0,0,0,0,0
"1325",1325,0,0,0,0,0
"1326",1326,0,0,0,0,0
"1327",1327,0,0,0,0,0
"1328",1328,0,0,0,0,0
"1329",1329,0,0,0,0,0
"1330",1330,0,0,0,0,0
"1331",1331,0,0,0,0,0
"1332",1332,0,0,0,0,0
"1333",1333,0,0,0,0,0
"1334",1334,0,0,0,0,0
"1335",1335,0,0,0,0,0
"1336",1336,0,0,0,0,0
"1337",1337,0,0,0,0,0
"1338",1338,0,0,0,0,0
"1339",1339,0,0,0,0,0
"1340",1340,0,0,0,0,0
"1341",1341,0,0,0,0,0
"1342",1342,0,0,0,0,0
"1343",1343,0,0,0,0,0
"1344",1344,0,0,0,0,0
"1345",1345,0,0,0,0,0
"1346",1346,0,0,0,0,0
"1347",1347,0,0,0,0,0
"1348",1348,0,0,0,0,0
"1349",1349,0,0,0,0,0
"1350",1350,0,0,0,0,0
"1351",1351,0,0,0,0,0
"1352",1352,0,0,0,0,0
"1353",1353,0,0,0,0,0
"1354",1354,0,0,0,0,0
"1355",1355,0,0,0,0,0
"1356",1356,0,0,0,0,0
"1357",1357,0,0,0,0,0
"1358",1358,0,0,0,0,0
"1359",1359,0,0,0,0,0
"1360",1360,0,0,0,0,0
"1361",1361,0,0,0,0,0
"1362",1362,0,0,0,0,0
"1363",1363,0,0,0,0,0
"1364",1364,0,0,0,0,0
"1365",1365,0,0,0,0,0
"1366",1366,0,0,0,0,0
"1367",1367,0,0,0,0,0
"1368",1368,0,0,0,0,0
"1369",1369,0,0,0,0,0
"1370",1370,0,0,0,0,0
"1371",1371,0,0,0,0,0
"1372",1372,0,0,0,0,0
"1373",1373,0,0,0,0,0
"1374",1374,0,0,0,0,0
"1375",1375,0,0,0,0,0
"1376",1376,0,0,0,0,0
"1377",1377,0,0,0,0,0
"1378",1378,0,0,0,0,0
"1379",1379,0,0,0,0,0
"1380",1380,0,0,0,0,0
"1381",1381,0,0,0,0,0
"1382",1382,0,0,0,0,0
"1383",1383,0,0,0,0,0
"1384",1384,0,0,0,0,0
"1385",1385,0,0,0,0,0
"1386",1386,0,0,0,0,0
"1387",1387,0,0,0,0,0
"1388",1388,0,0,0,0,0
"1389",1389,0,0,0,0,0
"1390",1390,0,0,0,0,0
"1391",1391,0,0,0,0,0
"1392",1392,0,0,0,0,0
"1393",1393,0,0,0,0,0
"1394",1394,0,0,0,0,0
"1395",1395,0,0,0,0,0
"1396",1396,0,0,0,0,0
"1397",1397,0,0,0,0,0
"1398",1398,0,0,0,0,0
"1399",1399,0,0,0,0,0
"1400",1400,0,0,0,0,0
"1401",1401,0,0,0,0,0
"1402",1402,0,0,0,0,0
"1403",1403,0,0,0,0,0
"1404",1404,0,0,0,0,0
"1405",1405,0,0,0,0,0
"1406",1406,0,0,0,0,0
"1407",1407,0,0,0,0,0
"1408",1408,0,0,0,0,0
"1409",1409,0,0,0,0,0
"1410",1410,0,0,0,0,0
"1411",1411,0,0,0,0,0
"1412",1412,0,0,0,0,0
"1413",1413,0,0,0,0,0
"1414",1414,0,0,0,0,0
"1415",1415,0,0,0,0,0
"1416",1416,0,0,0,0,0
"1417",1417,0,0,0,0,0
"1418",1418,0,0,0,0,0
"1419",1419,0,0,0,0,0
"1420",1420,0,0,0,0,0
"1421",1421,0,0,0,0,0
"1422",1422,0,0,0,0,0
"1423",1423,0,0,0,0,0
"1424",1424,0,0,0,0,0
"1425",1425,0,0,0,0,0
"1426",1426,0,0,0,0,0
"1427",1427,0,0,0,0,0
"1428",1428,0,0,0,0,0
"1429",1429,0,0,0,0,0
"1430",1430,0,0,0,0,0
"1431",1431,0,0,0,0,0
"1432",1432,0,0,0,0,0
"1433",1433,0,0,0,0,0
"1434",1434,0,0,0,0,0
"1435",1435,0,0,0,0,0
"1436",1436,0,0,0,0,0
"1437",1437,0,0,0,0,0
"1438",1438,0,0,0,0,0
"1439",1439,0,0,0,0,0
"1440",1440,0,0,0,0,0
"1441",1,0,0,10,0,0
"1442",2,0,0,0.948517463551336,0,0
"1443",3,0,0,0.0899685378661859,0,0
"1444",4,0,0,0.0085336729336257,0,0
"1445",5,0,0,0.000809433780577933,0,0
"1446",6,0,0,7.6776207646655e-05,0,0
"1447",7,0,0,7.28235737380958e-06,0,0
"1448",8,0,0,6.90744314488023e-07,0,0
"1449",9,0,0,6.55183045140686e-08,0,0
"1450",10,0,0,6.21452560138683e-09,0,0
"1451",11,0,0,5.89458606060228e-10,0,0
"1452",12,0,0,5.59111781888753e-11,0,0
"1453",13,0,0,5.30327289198788e-12,0,0
"1454",14,0,0,5.0302469520289e-13,0,0
"1455",15,0,0,4.77127707997529e-14,0,0
"1456",16,0,0,4.52563963379878e-15,0,0
"1457",17,0,0,4.29264822639822e-16,0,0
"1458",18,0,0,4.07165180762138e-17,0,0
"1459",19,0,0,3.86203284502924e-18,0,0
"1460",20,0,0,3.66320559831908e-19,0,0
"1461",21,0,0,3.47461448258467e-20,0,0
"1462",22,0,0,3.29573251583995e-21,0,0
"1463",23,0,0,3.12605984646817e-22,0,0
"1464",24,0,0,2.96512235648166e-23,0,0
"1465",25,0,0,2.81247033668935e-24,0,0
"1466",26,0,0,2.66767723006995e-25,0,0
"1467",27,0,0,2.5303384398396e-26,0,0
"1468",28,0,0,2.4000701988831e-27,0,0
"1469",29,0,0,2.27650849738975e-28,0,0
"1470",30,0,0,2.15930806569719e-29,0,0
"1471",31,0,0,2.04814140950104e-30,0,0
"1472",32,0,0,1.94269789473438e-31,0,0
"1473",33,0,0,1.84268287955998e-32,0,0
"1474",34,0,0,1.7478168910497e-33,0,0
"1475",35,0,0,1.65783484425064e-34,0,0
"1476",36,0,0,1.57248530145564e-35,0,0
"1477",37,0,0,1.49152976960846e-36,0,0
"1478",38,0,0,1.41474203388033e-37,0,0
"1479",39,0,0,1.34190752555563e-38,0,0
"1480",40,0,0,1.27282272246047e-39,0,0
"1481",41,0,0,1.20729458025871e-40,0,0
"1482",42,0,0,1.14513999302627e-41,0,0
"1483",43,0,0,1.08618528159647e-42,0,0
"1484",44,0,0,1.03026570824668e-43,0,0
"1485",45,0,0,9.77225016370058e-45,0,0
"1486",46,0,0,9.2691499384624e-46,0,0
"1487",47,0,0.413984036054858,8.79195058890738e-47,0,0
"1488",48,0,0.845141528251677,8.3393186722591e-48,0,0
"1489",49,0,1.22413004205531,7.90998939475749e-49,0,0
"1490",50,0,1.55729521699822,7.50276307743334e-50,0,0
"1491",51,0,1.85020753306222,7.11650180383368e-51,0,0
"1492",52,0,2.10775731618731,6.75012624033083e-52,0,0
"1493",53,0,2.33423807154327,6.40261262012991e-53,0,0
"1494",54,0,2.53341958079029,6.0729898825474e-54,0,0
"1495",55,0,2.7086120227173,5.76033695956678e-55,0,0
"1496",56,0,2.86272222157677,5.46378020208929e-56,0,0
"1497",57,0,2.99830299145787,5.18249093868774e-57,0,0
"1498",58,0,3.11759642580554,4.91568316004188e-58,0,0
"1499",59,0,3.22257187664356,4.66261132258494e-59,0,0
"1500",60,0,3.31495927638606,4.422568265224e-60,0,0
"1501",61,0,3.39627837474037,4.1948832333129e-61,0,0
"1502",62,0,3.46786439272418,3.97892000435598e-62,0,0
"1503",63,0,3.5308905340222,3.7740751102054e-63,0,0
"1504",64,0,3.58638773972254,3.57977615078426e-64,0,0
"1505",65,0,3.6352620249639,3.39548019462345e-65,0,0
"1506",66,0,3.67830969436727,3.22067226174303e-66,0,0
"1507",67,0,3.71623069660167,3.05486388463864e-67,0,0
"1508",68,0,3.74964034640701,2.89759174335202e-68,0,0
"1509",69,0,3.7790796143171,2.74841637081155e-69,0,0
"1510",70,0,3.80502415970327,2.60692092482514e-70,0,0
"1511",71,0,3.8278922611698,2.47271002329404e-71,0,0
"1512",72,0,3.84805177940145,2.34540863939283e-72,0,0
"1513",73,0,3.86582627096309,2.22466105362828e-73,0,0
"1514",74,0,3.88150035699563,2.11012985984894e-74,0,0
"1515",75,0,3.89532443798774,2.00149502242785e-75,0,0
"1516",76,0,3.90751883460934,1.89845298198389e-76,0,0
"1517",77,0,3.9182774247768,1.80071580714282e-77,0,0
"1518",78,0,3.92777083851131,1.70801038996791e-78,0,0
"1519",79,0,3.93614926460188,1.62007768281169e-79,0,0
"1520",80,0,3.9435449164635,1.53667197445667e-80,0,0
"1521",81,0,3.95007419877344,1.45756020352206e-81,0,0
"1522",82,0,3.95583961137487,1.38252130721811e-82,0,0
"1523",83,0,3.96093142246969,1.3113456036282e-83,0,0
"1524",84,0,3.96542913920287,1.24383420579262e-84,0,0
"1525",85,0,3.9694028003033,1.1797984659568e-85,0,0
"1526",86,0,3.97291411242996,1.1190594484311e-86,0,0
"1527",87,0,3.97601744922667,1.06144742958903e-87,0,0
"1528",88,0,3.97876072976729,1.00680142360687e-88,0,0
"1529",89,0,3.98118619103678,9.54968732619461e-90,0,0
"1530",90,0,3.98333106730615,9.05804520035045e-91,0,0
"1531",91,0,3.98522818769173,8.59171405816976e-92,0,0
"1532",92,0,3.98690650181263,8.14939082601353e-93,0,0
"1533",93,0,3.9883915422528,7.72983951577888e-94,0,0
"1534",94,0,3.98970583147437,7.33188777116547e-95,0,0
"1535",95,0,3.9908692398983,6.95442359174893e-96,0,0
"1536",96,0,3.99189930105203,6.59639222570726e-97,0,0
"1537",97,0,3.99281148896696,6.2567932225176e-98,0,0
"1538",98,0,3.99361946237904,5.93467763738758e-99,0,0
"1539",99,0,3.99433527973363,5.6291453796097e-100,0,0
"1540",100,0,3.99496958851021,5.33934269742911e-101,0,0
"1541",101,0,3.9955317919568,5.06445979239681e-102,0,0
"1542",102,0,3.99603019594978,4.80372855654195e-103,0,0
"1543",103,0,3.99647213836606,4.55642042604028e-104,0,0
"1544",104,0,3.99686410306627,4.32184434538123e-105,0,0
"1545",105,0,3.99721182033372,4.09934483634468e-106,0,0
"1546",106,0,3.99752035539169,3.88830016639192e-107,0,0
"1547",107,0,3.99779418642527,3.6881206113523e-108,0,0
"1548",108,0,3.99803727336283,3.49824680755129e-109,0,0
"1549",109,0,3.99825311852042,3.31814818877511e-110,0,0
"1550",110,0,3.9984448200801,3.14732150370442e-111,0,0
"1551",111,0,3.99861511925623,2.98528940967429e-112,0,0
"1552",112,0,3.99876644190135,2.83159913883093e-113,0,0
"1553",113,0,3.99890093521299,2.68582123295806e-114,0,0
"1554",114,0,3.9990205001235,2.5475483434377e-115,0,0
"1555",115,0,3.99912681988531,2.41639409299193e-116,0,0
"1556",116,0,3.9992213853026,2.29199199602514e-117,0,0
"1557",117,0,3.99930551700672,2.17399443454972e-118,0,0
"1558",118,0,3.99938038512481,2.06207168683382e-119,0,0
"1559",119,0,3.99944702664992,1.95591100605664e-120,0,0
"1560",120,0,3.99950636078365,1.85521574639699e-121,0,0
"1561",121,0,3.99955920249057,1.75970453411297e-122,0,0
"1562",122,0,3.99960627447469,1.66911048129662e-123,0,0
"1563",123,0,3.99964821776388,1.58318044010642e-124,0,0
"1564",124,0,3.99968560106543,1.50167429539383e-125,0,0
"1565",125,0,3.99971892903715,1.42436429374719e-126,0,0
"1566",126,0,3.99974864960099,1.35103440707818e-127,0,0
"1567",127,0,3.99977516041114,1.28147972897237e-128,0,0
"1568",128,0,3.99979881457563,1.21550590211733e-129,0,0
"1569",129,0,3.99981992571835,1.15292857520801e-130,0,0
"1570",130,0,3.99983877245846,1.09357288781215e-131,0,0
"1571",131,0,3.99985560237513,1.03727298175609e-132,0,0
"1572",132,0,3.99987063551716,9.8387153766562e-134,0,0
"1573",133,0,3.99988406751063,9.33219335366947e-135,0,0
"1574",134,0,3.99989607231095,8.85174836919319e-136,0,0
"1575",135,0,3.99990680464061,8.3960379111418e-137,0,0
"1576",136,0,3.99991640214892,7.96378858335708e-138,0,0
"1577",137,0,3.99992498732583,7.55379254734494e-139,0,0
"1578",138,0,3.99993266919818,7.1649041472006e-140,0,0
"1579",139,0,3.99993954483347,6.79603670829116e-141,0,0
"1580",140,0,3.99994570067323,6.4461595007501e-142,0,0
"1581",141,0,3.9999512137155,6.11429485929883e-143,0,0
"1582",142,0,3.99995615256388,5.7995154513471e-144,0,0
"1583",143,0,3.99996057835819,5.50094168573853e-145,0,0
"1584",144,0,3.99996454560048,5.21773925490052e-146,0,0
"1585",145,0,3.99996810288815,4.94911680353047e-147,0,0
"1586",146,0,3.99997129356492,4.69432371730402e-148,0,0
"1587",147,0,3.99997415629885,4.45264802542608e-149,0,0
"1588",148,0,3.9999767255958,4.22341441116401e-150,0,0
"1589",149,0,3.99997903225556,4.00598232480345e-151,0,0
"1590",150,0,3.99998110377723,3.79974419375405e-152,0,0
"1591",151,0,3.99998296471948,3.6041237248035e-153,0,0
"1592",152,0,3.99998463702092,3.41857429377581e-154,0,0
"1593",153,0,3.99998614028488,3.24257741809403e-155,0,0
"1594",154,0,3.99998749203277,3.07564130797939e-156,0,0
"1595",155,0,3.9999887079295,2.91729949223832e-157,0,0
"1596",156,0,3.99998980198404,2.76710951479749e-158,0,0
"1597",157,0,3.99999078672792,2.62465169834449e-159,0,0
"1598",158,0,3.99999167337418,2.48952797161942e-160,0,0
"1599",159,0,3.99999247195892,2.36136075708055e-161,0,0
"1600",160,0,3.99999319146734,2.23979191583571e-162,0,0
"1601",161,0,3.99999383994609,2.12448174689127e-163,0,0
"1602",162,0,3.99999442460331,2.01510803792242e-164,0,0
"1603",163,0,3.99999495189793,1.91136516491208e-165,0,0
"1604",164,0,3.99999542761912,1.81296323814279e-166,0,0
"1605",165,0,3.99999585695731,1.71962729215501e-167,0,0
"1606",166,0,3.99999624456745,1.63109651740852e-168,0,0
"1607",167,0,3.99999659462543,1.54712353149975e-169,0,0
"1608",168,0,3.99999691087856,1.46747368789873e-170,0,0
"1609",169,0,3.99999719669046,1.39192442027403e-171,0,0
"1610",170,0,3.99999745508134,1.32026462057348e-172,0,0
"1611",171,0,3.99999768876375,1.25229404912293e-173,0,0
"1612",172,0,3.99999790017477,1.18782277509451e-174,0,0
"1613",173,0,3.99999809150455,1.12667064578115e-175,0,0
"1614",174,0,3.99999826472197,1.06866678319408e-176,0,0
"1615",175,0,3.99999842159752,1.01364910657682e-177,0,0
"1616",176,0,3.99999856372378,9.6146387950132e-179,0,0
"1617",177,0,3.99999869253372,9.11965280280819e-180,0,0
"1618",178,0,3.99999880931712,8.65014994498846e-181,0,0
"1619",179,0,3.9999989152352,8.20481828515918e-182,0,0
"1620",180,0,3.9999990113338,7.7824134287388e-183,0,0
"1621",181,0,3.99999909855509,7.38175504573518e-184,0,0
"1622",182,0,3.99999917774816,7.00172357253801e-185,0,0
"1623",183,0,3.99999924967841,6.64125708351135e-186,0,0
"1624",184,0,3.99999931503606,6.29934832364452e-187,0,0
"1625",185,0,3.9999993744437,5.97504189396966e-188,0,0
"1626",186,0,3.99999942846309,5.66743158188107e-189,0,0
"1627",187,0,3.99999947760129,5.37565782889657e-190,0,0
"1628",188,0,3.99999952231613,5.09890532878485e-191,0,0
"1629",189,0,3.9999995630211,4.8364007493474e-192,0,0
"1630",190,0,3.99999960008977,4.58741057148877e-193,0,0
"1631",191,0,3.99999963385978,4.35123903953711e-194,0,0
"1632",192,0,3.99999966463636,4.12722621708729e-195,0,0
"1633",193,0,3.99999969269555,3.91474614293421e-196,0,0
"1634",194,0,3.99999971828707,3.71320508194333e-197,0,0
"1635",195,0,3.9999997416369,3.52203986597082e-198,0,0
"1636",196,0,3.9999997629496,3.34071632019733e-199,0,0
"1637",197,0,3.99999978241041,3.16872777047812e-200,0,0
"1638",198,0,3.99999980018714,3.00559362753859e-201,0,0
"1639",199,0,3.99999981643183,2.85085804405896e-202,0,0
"1640",200,0,3.9999998312823,2.70408864089572e-203,0,0
"1641",201,0,3.99999984486352,2.56487529888039e-204,0,0
"1642",202,0,3.99999985728884,2.4328290128195e-205,0,0
"1643",203,0,3.99999986866112,2.30758080449365e-206,0,0
"1644",204,0,3.99999987907369,2.18878069161807e-207,0,0
"1645",205,0,3.99999988861132,2.07609670988371e-208,0,0
"1646",206,0,3.99999989735099,1.96921398534617e-209,0,0
"1647",207,0,3.99999990536265,1.86783385457037e-210,0,0
"1648",208,0,3.99999991270985,1.7716730300724e-211,0,0
"1649",209,0,3.99999991945041,1.68046280872658e-212,0,0
"1650",210,0,3.99999992563689,1.59394832092569e-213,0,0
"1651",211,0,3.99999993131711,1.51188781839635e-214,0,0
"1652",212,0,3.9999999365346,1.43405199867946e-215,0,0
"1653",213,0,3.99999994132899,1.36022336438817e-216,0,0
"1654",214,0,3.99999994573636,1.29019561545273e-217,0,0
"1655",215,0,3.99999994978961,1.22377307265428e-218,0,0
"1656",216,0,3.99999995351869,1.16077013083646e-219,0,0
"1657",217,0,3.99999995695093,1.10101074026715e-220,0,0
"1658",218,0,3.99999996011124,1.04432791470098e-221,0,0
"1659",219,0,3.99999996302236,9.90563264768025e-223,0,0
"1660",220,0,3.99999996570502,9.39566555384897e-224,0,0
"1661",221,0,3.99999996817819,8.91195285951348e-225,0,0
"1662",222,0,3.99999997045914,8.4531429215948e-226,0,0
"1663",223,0,3.99999997256368,8.01795368302803e-227,0,0
"1664",224,0,3.99999997450626,7.60516909029784e-228,0,0
"1665",225,0,3.99999997630008,7.21363569540832e-229,0,0
"1666",226,0,3.99999997795721,6.84225943279208e-230,0,0
"1667",227,0,3.99999997948871,6.49000256215214e-231,0,0
"1668",228,0,3.99999998090468,6.15588076869422e-232,0,0
"1669",229,0,3.99999998221439,5.83896041264628e-233,0,0
"1670",230,0,3.9999999834263,5.53835592037991e-234,0,0
"1671",231,0,3.9999999845482,5.25322730984328e-235,0,0
"1672",232,0,3.99999998558719,4.98277784339115e-236,0,0
"1673",233,0,3.99999998654981,4.72625180145317e-237,0,0
"1674",234,0,3.99999998744203,4.48293237081929e-238,0,0
"1675",235,0,3.99999998826936,4.25213964164169e-239,0,0
"1676",236,0,3.99999998903683,4.03322870755606e-240,0,0
"1677",237,0,3.99999998974908,3.82558786361351e-241,0,0
"1678",238,0,3.99999999041034,3.62863689698746e-242,0,0
"1679",239,0,3.99999999102453,3.44182546567933e-243,0,0
"1680",240,0,3.99999999159524,3.26463156069255e-244,0,0
"1681",241,0,3.99999999212577,3.09656004737774e-245,0,0
"1682",242,0,3.99999999261915,2.93714128187314e-246,0,0
"1683",243,0,3.99999999307817,2.78592979877423e-247,0,0
"1684",244,0,3.99999999350541,2.64250306636541e-248,0,0
"1685",245,0,3.99999999390324,2.50646030593555e-249,0,0
"1686",246,0,3.99999999427383,2.37742137187809e-250,0,0
"1687",247,0,3.99999999461919,2.25502568944654e-251,0,0
"1688",248,0,3.99999999494118,2.13893124719694e-252,0,0
"1689",249,0,3.99999999524151,2.02881364130193e-253,0,0
"1690",250,0,3.99999999552174,1.92436516906606e-254,0,0
"1691",251,0,3.99999999578333,1.82529396910908e-255,0,0
"1692",252,0,3.99999999602762,1.73132320581489e-256,0,0
"1693",253,0,3.99999999625586,1.64219029576711e-257,0,0
"1694",254,0,3.99999999646918,1.55764617400963e-258,0,0
"1695",255,0,3.99999999666865,1.47745459808206e-259,0,0
"1696",256,0,3.99999999685524,1.40139148788505e-260,0,0
"1697",257,0,3.99999999702985,1.32924429953116e-261,0,0
"1698",258,0,3.99999999719332,1.26081143143137e-262,0,0
"1699",259,0,3.99999999734643,1.19590166095781e-263,0,0
"1700",260,0,3.99999999748989,1.13433361010853e-264,0,0
"1701",261,0,3.99999999762436,1.07593523868118e-265,0,0
"1702",262,0,3.99999999775047,1.02054336353937e-266,0,0
"1703",263,0,3.99999999786877,9.68003202628512e-268,0,0
"1704",264,0,3.9999999979798,9.18167942466765e-269,0,0
"1705",265,0,3.99999999808405,8.70898327902725e-270,0,0
"1706",266,0,3.99999999818196,8.26062272993392e-271,0,0
"1707",267,0,3.99999999827397,7.83534491915143e-272,0,0
"1708",268,0,3.99999999836046,7.43196148876336e-273,0,0
"1709",269,0,3.9999999984418,7.04934526053303e-274,0,0
"1710",270,0,3.99999999851832,6.68642708621842e-275,0,0
"1711",271,0,3.99999999859034,6.34219286004084e-276,0,0
"1712",272,0,3.99999999865816,6.01568068495933e-277,0,0
"1713",273,0,3.99999999872203,5.70597818483239e-278,0,0
"1714",274,0,3.99999999878222,5.41221995495647e-279,0,0
"1715",275,0,3.99999999883895,5.13358514385723e-280,0,0
"1716",276,0,3.99999999889245,4.86929515957628e-281,0,0
"1717",277,0,3.99999999894293,4.61861149404409e-282,0,0
"1718",278,0,3.99999999899056,4.38083365945975e-283,0,0
"1719",279,0,3.99999999903553,4.15529723091107e-284,0,0
"1720",280,0,3.99999999907801,3.94137198976566e-285,0,0
"1721",281,0,3.99999999911814,3.7384601626448e-286,0,0
"1722",282,0,3.99999999915607,3.54599475105956e-287,0,0
"1723",283,0,3.99999999919193,3.36343794704137e-288,0,0
"1724",284,0,3.99999999922586,3.19027963033999e-289,0,0
"1725",285,0,3.99999999925795,3.02603594298958e-290,0,0
"1726",286,0,3.99999999928834,2.87024793725965e-291,0,0
"1727",287,0,3.9999999993171,2.72248029321298e-292,0,0
"1728",288,0,3.99999999934435,2.58232010228687e-293,0,0
"1729",289,0,3.99999999937018,2.44937571349877e-294,0,0
"1730",290,0,3.99999999939465,2.32327563905209e-295,0,0
"1731",291,0,3.99999999941786,2.2036675162843e-296,0,0
"1732",292,0,3.99999999943987,2.09021712305645e-297,0,0
"1733",293,0,3.99999999946075,1.98260744383308e-298,0,0
"1734",294,0,3.99999999948057,1.88053778384255e-299,0,0
"1735",295,0,3.99999999949939,1.78372292884278e-300,0,0
"1736",296,0,3.99999999951727,1.69189234814432e-301,0,0
"1737",297,0,3.99999999953425,1.60478943866376e-302,0,0
"1738",298,0,3.99999999955038,1.52217080789532e-303,0,0
"1739",299,0,3.99999999956572,1.44380559379676e-304,0,0
"1740",300,0,3.9999999995803,1.36947481968933e-305,0,0
"1741",301,0,3.99999999959417,1.29897078236915e-306,0,0
"1742",302,0,3.99999999960736,1.23209647172008e-307,0,0
"1743",303,0,3.99999999961992,1.16866502020648e-308,0,0
"1744",304,0,3.99999999963187,1.10849918070742e-309,0,0
"1745",305,0,3.99999999964324,1.05143083123336e-310,0,0
"1746",306,0,3.99999999965408,9.9730050514121e-312,0,0
"1747",307,0,3.99999999966439,9.45956945535075e-313,0,0
"1748",308,0,3.99999999967422,8.97256682583783e-314,0,0
"1749",309,0,3.99999999968359,8.51063632866078e-315,0,0
"1750",310,0,3.99999999969251,8.07248720457296e-316,0,0
"1751",311,0,3.99999999970102,7.65689499339197e-317,0,0
"1752",312,0,3.99999999970913,7.26270076533236e-318,0,0
"1753",313,0,3.99999999971686,6.88880670652908e-319,0,0
"1754",314,0,3.99999999972423,6.53401816625049e-320,0,0
"1755",315,0,3.99999999973126,6.19558319884923e-321,0,0
"1756",316,0,3.99999999973796,5.87938118551083e-322,0,0
"1757",317,0,3.99999999974435,5.43472210425371e-323,0,0
"1758",318,0,3.99999999975045,4.94065645841247e-324,0,0
"1759",319,0,3.99999999975626,0,0,0
"1760",320,0,3.99999999976181,0,0,0
"1761",321,0,3.99999999976709,0,0,0
"1762",322,0,3.99999999977214,0,0,0
"1763",323,0,3.99999999977694,0,0,0
"1764",324,0,3.99999999978153,0,0,0
"1765",325,0,3.99999999978589,0,0,0
"1766",326,0,3.99999999979006,0,0,0
"1767",327,0,3.99999999979402,0,0,0
"1768",328,0,3.9999999997978,0,0,0
"1769",329,0,3.99999999980139,0,0,0
"1770",330,0,3.99999999980481,0,0,0
"1771",331,0,3.99999999980806,0,0,0
"1772",332,0,3.99999999981115,0,0,0
"1773",333,0,3.99999999981409,0,0,0
"1774",334,0,3.99999999981688,0,0,0
"1775",335,0,3.99999999981952,0,0,0
"1776",336,0,3.99999999982202,0,0,0
"1777",337,0,3.99999999982439,0,0,0
"1778",338,0,3.99999999982663,0,0,0
"1779",339,0,3.99999999982874,0,0,0
"1780",340,0,3.99999999983073,0,0,0
"1781",341,0,3.99999999983261,0,0,0
"1782",342,0,3.99999999983436,0,0,0
"1783",343,0,3.99999999983601,0,0,0
"1784",344,0,3.99999999983755,0,0,0
"1785",345,0,3.99999999983898,0,0,0
"1786",346,0,3.9999999998403,0,0,0
"1787",347,0,3.99999999984153,0,0,0
"1788",348,0,3.99999999984266,0,0,0
"1789",349,0,3.99999999984369,0,0,0
"1790",350,0,3.99999999984462,0,0,0
"1791",351,0,3.99999999984546,0,0,0
"1792",352,0,3.99999999984621,0,0,0
"1793",353,0,3.99999999984687,0,0,0
"1794",354,0,3.99999999984743,0,0,0
"1795",355,0,3.99999999984791,0,0,0
"1796",356,0,3.9999999998483,0,0,0
"1797",357,0,3.99999999984861,0,0,0
"1798",358,0,3.99999999984882,0,0,0
"1799",359,0,3.99999999984895,0,0,0
"1800",360,0,3.99999999984899,0,0,0
"1801",361,0,3.99999999984895,0,0,0
"1802",362,0,3.99999999984882,0,0,0
"1803",363,0,3.99999999984861,0,0,0
"1804",364,0,3.9999999998483,0,0,0
"1805",365,0,3.99999999984791,0,0,0
"1806",366,0,3.99999999984743,0,0,0
"1807",367,0,3.99999999984687,0,0,0
"1808",368,0,3.99999999984621,0,0,0
"1809",369,0,3.99999999984546,0,0,0
"1810",370,0,3.99999999984462,0,0,0
"1811",371,0,3.99999999984369,0,0,0
"1812",372,0,3.99999999984266,0,0,0
"1813",373,0,3.99999999984153,0,0,0
"1814",374,0,3.9999999998403,0,0,0
"1815",375,0,3.99999999983898,0,0,0
"1816",376,0,3.99999999983755,0,0,0
"1817",377,0,3.99999999983601,0,0,0
"1818",378,0,3.99999999983436,0,0,0
"1819",379,0,3.99999999983261,0,0,0
"1820",380,0,3.99999999983073,0,0,0
"1821",381,0,3.99999999982874,0,0,0
"1822",382,0,3.99999999982663,0,0,0
"1823",383,0,3.99999999982439,0,0,0
"1824",384,0,3.99999999982202,0,0,0
"1825",385,0,3.99999999981952,0,0,0
"1826",386,0,3.99999999981688,0,0,0
"1827",387,0,3.99999999981409,0,0,0
"1828",388,0,3.99999999981115,0,0,0
"1829",389,0,3.99999999980806,0,0,0
"1830",390,0,3.99999999980481,0,0,0
"1831",391,0,3.99999999980139,0,0,0
"1832",392,0,3.9999999997978,0,0,0
"1833",393,0,3.99999999979402,0,0,0
"1834",394,0,3.99999999979006,0,0,0
"1835",395,0,3.99999999978589,0,0,0
"1836",396,0,3.99999999978153,0,0,0
"1837",397,0,3.99999999977694,0,0,0
"1838",398,0,3.99999999977214,0,0,0
"1839",399,0,3.99999999976709,0,0,0
"1840",400,0,3.99999999976181,0,0,0
"1841",401,0,3.99999999975626,0,0,0
"1842",402,0,3.99999999975045,0,0,0
"1843",403,0,3.99999999974435,0,0,0
"1844",404,0,3.99999999973796,0,0,0
"1845",405,0,3.99999999973126,0,0,0
"1846",406,0,3.99999999972423,0,0,0
"1847",407,0,3.99999999971686,0,0,0
"1848",408,0,3.99999999970913,0,0,0
"1849",409,0,3.99999999970102,0,0,0
"1850",410,0,3.99999999969251,0,0,0
"1851",411,0,3.99999999968359,0,0,0
"1852",412,0,3.99999999967422,0,0,0
"1853",413,0,3.99999999966439,0,0,0
"1854",414,0,3.99999999965408,0,0,0
"1855",415,0,3.99999999964324,0,0,0
"1856",416,0,3.99999999963187,0,0,0
"1857",417,0,3.99999999961992,0,0,0
"1858",418,0,3.99999999960736,0,0,0
"1859",419,0,3.99999999959417,0,0,0
"1860",420,0,3.9999999995803,0,0,0
"1861",421,0,3.99999999956572,0,0,0
"1862",422,0,3.99999999955038,0,0,0
"1863",423,0,3.99999999953425,0,0,0
"1864",424,0,3.99999999951727,0,0,0
"1865",425,0,3.99999999949939,0,0,0
"1866",426,0,3.99999999948057,0,0,0
"1867",427,0,3.99999999946075,0,0,0
"1868",428,0,3.99999999943987,0,0,0
"1869",429,0,3.99999999941786,0,0,0
"1870",430,0,3.99999999939465,0,0,0
"1871",431,0,3.99999999937018,0,0,0
"1872",432,0,3.99999999934435,0,0,0
"1873",433,0,3.9999999993171,0,0,0
"1874",434,0,3.99999999928834,0,0,0
"1875",435,0,3.99999999925795,0,0,0
"1876",436,0,3.99999999922586,0,0,0
"1877",437,0,3.99999999919193,0,0,0
"1878",438,0,3.99999999915607,0,0,0
"1879",439,0,3.99999999911814,0,0,0
"1880",440,0,3.99999999907801,0,0,0
"1881",441,0,3.99999999903553,0,0,0
"1882",442,0,3.99999999899056,0,0,0
"1883",443,0,3.99999999894293,0,0,0
"1884",444,0,3.99999999889245,0,0,0
"1885",445,0,3.99999999883895,0,0,0
"1886",446,0,3.99999999878222,0,0,0
"1887",447,0,3.99999999872203,0,0,0
"1888",448,0,3.99999999865816,0,0,0
"1889",449,0,3.99999999859034,0,0,0
"1890",450,0,3.99999999851832,0,0,0
"1891",451,0,3.9999999984418,0,0,0
"1892",452,0,3.99999999836046,0,0,0
"1893",453,0,3.99999999827397,0,0,0
"1894",454,0,3.99999999818196,0,0,0
"1895",455,0,3.99999999808405,0,0,0
"1896",456,0,3.9999999979798,0,0,0
"1897",457,0,3.99999999786877,0,0,0
"1898",458,0,3.99999999775047,0,0,0
"1899",459,0,3.99999999762436,0,0,0
"1900",460,0,3.99999999748989,0,0,0
"1901",461,0,3.99999999734643,0,0,0
"1902",462,0,3.99999999719332,0,0,0
"1903",463,0,3.99999999702985,0,0,0
"1904",464,0,3.99999999685524,0,0,0
"1905",465,0,3.99999999666865,0,0,0
"1906",466,0,3.99999999646918,0,0,0
"1907",467,0,3.99999999625586,0,0,0
"1908",468,0,3.99999999602762,0,0,0
"1909",469,0,3.99999999578333,0,0,0
"1910",470,0,3.99999999552174,0,0,0
"1911",471,0,3.99999999524151,0,0,0
"1912",472,0,3.99999999494118,0,0,0
"1913",473,0,3.99999999461919,0,0,0
"1914",474,0,3.99999999427383,0,0,0
"1915",475,0,3.99999999390324,0,0,0
"1916",476,0,3.99999999350541,0,0,0
"1917",477,0,3.99999999307817,0,0,0
"1918",478,0,3.99999999261915,0,0,0
"1919",479,0,3.99999999212577,0,0,0
"1920",480,0,3.99999999159524,0,0,0
"1921",481,0,3.99999999102453,0,0,0
"1922",482,0,3.99999999041034,0,0,0
"1923",483,0,3.99999998974908,0,0,0
"1924",484,0,3.99999998903683,0,0,0
"1925",485,0,3.99999998826936,0,0,0
"1926",486,0,3.99999998744203,0,0,0
"1927",487,0,3.99999998654981,0,0,0
"1928",488,0,3.99999998558719,0,0,0
"1929",489,0,3.9999999845482,0,0,0
"1930",490,0,3.9999999834263,0,0,0
"1931",491,0,3.99999998221439,0,0,0
"1932",492,0,3.99999998090468,0,0,0
"1933",493,0,3.99999997948871,0,0,0
"1934",494,0,3.99999997795721,0,0,0
"1935",495,0,3.99999997630008,0,0,0
"1936",496,0,3.99999997450626,0,0,0
"1937",497,0,3.99999997256368,0,0,0
"1938",498,0,3.99999997045914,0,0,0
"1939",499,0,3.99999996817819,0,0,0
"1940",500,0,3.99999996570502,0,0,0
"1941",501,0,3.99999996302236,0,0,0
"1942",502,0,3.99999996011124,0,0,0
"1943",503,0,3.99999995695093,0,0,0
"1944",504,0,3.99999995351869,0,0,0
"1945",505,0,3.99999994978961,0,0,0
"1946",506,0,3.99999994573636,0,0,0
"1947",507,0,3.99999994132899,0,0,0
"1948",508,0,3.9999999365346,0,0,0
"1949",509,0,3.99999993131711,0,0,0
"1950",510,0,3.99999992563689,0,0,0
"1951",511,0,3.99999991945041,0,0,0
"1952",512,0,3.99999991270985,0,0,0
"1953",513,0,3.99999990536265,0,0,0
"1954",514,0,3.99999989735099,0,0,0
"1955",515,0,3.99999988861132,0,0,0
"1956",516,0,3.99999987907369,0,0,0
"1957",517,0,3.99999986866112,0,0,0
"1958",518,0,3.99999985728884,0,0,0
"1959",519,0,3.99999984486352,0,0,0
"1960",520,0,3.9999998312823,0,0,0
"1961",521,0,3.99999981643183,0,0,0
"1962",522,0,3.99999980018714,0,0,0
"1963",523,0,3.99999978241041,0,0,0
"1964",524,0,3.9999997629496,0,0,0
"1965",525,0,3.9999997416369,0,0,0
"1966",526,0,3.99999971828707,0,0,0
"1967",527,0,3.99999969269555,0,0,0
"1968",528,0,3.99999966463636,0,0,0
"1969",529,0,3.99999963385978,0,0,0
"1970",530,0,3.99999960008977,0,0,0
"1971",531,0,3.9999995630211,0,0,0
"1972",532,0,3.99999952231613,0,0,0
"1973",533,0,3.99999947760129,0,0,0
"1974",534,0,3.99999942846309,0,0,0
"1975",535,0,3.9999993744437,0,0,0
"1976",536,0,3.99999931503606,0,0,0
"1977",537,0,3.99999924967841,0,0,0
"1978",538,0,3.99999917774816,0,0,0
"1979",539,0,3.99999909855509,0,0,0
"1980",540,0,3.9999990113338,0,0,0
"1981",541,0,3.9999989152352,0,0,0
"1982",542,0,3.99999880931712,0,0,0
"1983",543,0,3.99999869253372,0,0,0
"1984",544,0,3.99999856372378,0,0,0
"1985",545,0,3.99999842159752,0,0,0
"1986",546,0,3.99999826472197,0,0,0
"1987",547,0,3.99999809150455,0,0,0
"1988",548,0,3.99999790017477,0,0,0
"1989",549,0,3.99999768876375,0,0,0
"1990",550,0,3.99999745508134,0,0,0
"1991",551,0,3.99999719669046,0,0,0
"1992",552,0,3.99999691087856,0,0,0
"1993",553,0,3.99999659462543,0,0,0
"1994",554,0,3.99999624456745,0,0,0
"1995",555,0,3.99999585695731,0,0,0
"1996",556,0,3.99999542761912,0,0,0
"1997",557,0,3.99999495189793,0,0,0
"1998",558,0,3.99999442460331,0,0,0
"1999",559,0,3.99999383994609,0,0,0
"2000",560,0,3.99999319146734,0,0,0
"2001",561,0,3.99999247195892,0,0,0
"2002",562,0,3.99999167337418,0,0,0
"2003",563,0,3.99999078672792,0,0,0
"2004",564,0,3.99998980198404,0,0,0
"2005",565,0,3.9999887079295,0,0,0
"2006",566,0,3.99998749203277,0,0,0
"2007",567,0,3.99998614028488,0,0,0
"2008",568,0,3.99998463702092,0,0,0
"2009",569,0,3.99998296471948,0,0,0
"2010",570,0,3.99998110377723,0,0,0
"2011",571,0,3.99997903225556,0,0,0
"2012",572,0,3.9999767255958,0,0,0
"2013",573,0,3.99997415629885,0,0,0
"2014",574,0,3.99997129356492,0,0,0
"2015",575,0,3.99996810288815,0,0,0
"2016",576,0,3.99996454560048,0,0,0
"2017",577,0,3.99996057835819,0,0,0
"2018",578,0,3.99995615256388,0,0,0
"2019",579,0,3.9999512137155,0,0,0
"2020",580,0,3.99994570067323,0,0,0
"2021",581,0,3.99993954483347,0,0,0
"2022",582,0,3.99993266919818,0,0,0
"2023",583,0,3.99992498732583,0,0,0
"2024",584,0,3.99991640214892,0,0,0
"2025",585,0,3.99990680464061,0,0,0
"2026",586,0,3.99989607231095,0,0,0
"2027",587,0,3.99988406751063,0,0,0
"2028",588,0,3.99987063551716,0,0,0
"2029",589,0,3.99985560237513,0,0,0
"2030",590,0,3.99983877245846,0,0,0
"2031",591,0,3.99981992571835,0,0,0
"2032",592,0,3.99979881457563,0,0,0
"2033",593,0,3.99977516041114,0,0,0
"2034",594,0,3.99974864960099,0,0,0
"2035",595,0,3.99971892903715,0,0,0
"2036",596,0,3.99968560106543,0,0,0
"2037",597,0,3.99964821776388,0,0,0
"2038",598,0,3.99960627447469,0,0,0
"2039",599,0,3.99955920249057,0,0,0
"2040",600,0,3.99950636078365,0,0,0
"2041",601,0,3.99944702664992,0,0,0
"2042",602,0,3.99938038512481,0,0,0
"2043",603,0,3.99930551700672,0,0,0
"2044",604,0,3.9992213853026,0,0,0
"2045",605,0,3.99912681988531,0,0,0
"2046",606,0,3.9990205001235,0,0,0
"2047",607,0,3.99890093521299,0,0,0
"2048",608,0,3.99876644190135,0,0,0
"2049",609,0,3.99861511925623,0,0,0
"2050",610,0,3.9984448200801,0,0,0
"2051",611,0,3.99825311852042,0,0,0
"2052",612,0,3.99803727336283,0,0,0
"2053",613,0,3.99779418642527,0,0,0
"2054",614,0,3.99752035539169,0,0,0
"2055",615,0,3.99721182033372,0,0,0
"2056",616,0,3.99686410306627,0,0,0
"2057",617,0,3.99647213836606,0,0,0
"2058",618,0,3.99603019594978,0,0,0
"2059",619,0,3.9955317919568,0,0,0
"2060",620,0,3.99496958851021,0,0,0
"2061",621,0,3.99433527973363,0,0,0
"2062",622,0,3.99361946237904,0,0,0
"2063",623,0,3.99281148896696,0,0,0
"2064",624,0,3.99189930105203,0,0,0
"2065",625,0,3.9908692398983,0,0,0
"2066",626,0,3.98970583147437,0,0,0
"2067",627,0,3.9883915422528,0,0,0
"2068",628,0,3.98690650181263,0,0,0
"2069",629,0,3.98522818769173,0,0,0
"2070",630,0,3.98333106730615,0,0,0
"2071",631,0,3.98118619103678,0,0,0
"2072",632,0,3.97876072976729,0,0,0
"2073",633,0,3.97601744922667,0,0,0
"2074",634,0,3.97291411242996,0,0,0
"2075",635,0,3.9694028003033,0,0,0
"2076",636,0,3.96542913920287,0,0,0
"2077",637,0,3.96093142246969,0,0,0
"2078",638,0,3.95583961137487,0,0,0
"2079",639,0,3.95007419877344,0,0,0
"2080",640,0,3.9435449164635,0,0,0
"2081",641,0,3.93614926460188,0,0,0
"2082",642,0,3.92777083851131,0,0,0
"2083",643,0,3.9182774247768,0,0,0
"2084",644,0,3.90751883460933,0,0,0
"2085",645,0,3.89532443798774,0,0,0
"2086",646,0,3.88150035699563,0,0,0
"2087",647,0,3.86582627096309,0,0,0
"2088",648,0,3.84805177940145,0,0,0
"2089",649,0,3.8278922611698,0,0,0
"2090",650,0,3.80502415970327,0,0,0
"2091",651,0,3.77907961431711,0,0,0
"2092",652,0,3.74964034640701,0,0,0
"2093",653,0,3.71623069660167,0,0,0
"2094",654,0,3.67830969436727,0,0,0
"2095",655,0,3.6352620249639,0,0,0
"2096",656,0,3.58638773972255,0,0,0
"2097",657,0,3.53089053402219,0,0,0
"2098",658,0,3.46786439272419,0,0,0
"2099",659,0,3.39627837474037,0,0,0
"2100",660,0,3.31495927638607,0,0,0
"2101",661,0,3.22257187664356,0,0,0
"2102",662,0,3.11759642580554,0,0,0
"2103",663,0,2.99830299145788,0,0,0
"2104",664,0,2.86272222157677,0,0,0
"2105",665,0,2.70861202271729,0,0,0
"2106",666,0,2.5334195807903,0,0,0
"2107",667,0,2.33423807154326,0,0,0
"2108",668,0,2.10775731618732,0,0,0
"2109",669,0,1.85020753306222,0,0,0
"2110",670,0,1.55729521699821,0,0,0
"2111",671,0,1.22413004205532,0,0,0
"2112",672,0,0.845141528251674,0,0,0
"2113",673,0,0.413984036054885,0,0,0
"2114",674,0,0,0,0,0
"2115",675,0,0,0,0,0
"2116",676,0,0,0,0,0
"2117",677,0,0,0,0,0
"2118",678,0,0,0,0,0
"2119",679,0,0,0,0,0
"2120",680,0,0,0,0,0
"2121",681,0,0,0,0,0
"2122",682,0,0,0,0,0
"2123",683,0,0,0,0,0
"2124",684,0,0,0,0,0
"2125",685,0,0,0,0,0
"2126",686,0,0,0,0,0
"2127",687,0,0,0,0,0
"2128",688,0,0,0,0,0
"2129",689,0,0,0,0,0
"2130",690,0,0,0,0,0
"2131",691,0,0,0,0,0
"2132",692,0,0,0,0,0
"2133",693,0,0,0,0,0
"2134",694,0,0,0,0,0
"2135",695,0,0,0,0,0
"2136",696,0,0,0,0,0
"2137",697,0,0,0,0,0
"2138",698,0,0,0,0,0
"2139",699,0,0,0,0,0
"2140",700,0,0,0,0,0
"2141",701,0,0,0,0,0
"2142",702,0,0,0,0,0
"2143",703,0,0,0,0,0
"2144",704,0,0,0,0,0
"2145",705,0,0,0,0,0
"2146",706,0,0,0,0,0
"2147",707,0,0,0,0,0
"2148",708,0,0,0,0,0
"2149",709,0,0,0,0,0
"2150",710,0,0,0,0,0
"2151",711,0,0,0,0,0
"2152",712,0,0,0,0,0
"2153",713,0,0,0,0,0
"2154",714,0,0,0,0,0
"2155",715,0,0,0,0,0
"2156",716,0,0,0,0,0
"2157",717,0,0,0,0,0
"2158",718,0,0,0,0,0
"2159",719,0,0,0,0,0
"2160",720,0,0,0,0,0
"2161",721,0,0,0,0,0
"2162",722,0,0,0,0,0
"2163",723,0,0,0,0,0
"2164",724,0,0,0,0,0
"2165",725,0,0,0,0,0
"2166",726,0,0,0,0,0
"2167",727,0,0,0,0,0
"2168",728,0,0,0,0,0
"2169",729,0,0,0,0,0
"2170",730,0,0,0,0,0
"2171",731,0,0,0,0,0
"2172",732,0,0,0,0,0
"2173",733,0,0,0,0,0
"2174",734,0,0,0,0,0
"2175",735,0,0,0,0,0
"2176",736,0,0,0,0,0
"2177",737,0,0,0,0,0
"2178",738,0,0,0,0,0
"2179",739,0,0,0,0,0
"2180",740,0,0,0,0,0
"2181",741,0,0,0,0,0
"2182",742,0,0,0,0,0
"2183",743,0,0,0,0,0
"2184",744,0,0,0,0,0
"2185",745,0,0,0,0,0
"2186",746,0,0,0,0,0
"2187",747,0,0,0,0,0
"2188",748,0,0,0,0,0
"2189",749,0,0,0,0,0
"2190",750,0,0,0,0,0
"2191",751,0,0,0,0,0
"2192",752,0,0,0,0,0
"2193",753,0,0,0,0,0
"2194",754,0,0,0,0,0
"2195",755,0,0,0,0,0
"2196",756,0,0,0,0,0
"2197",757,0,0,0,0,0
"2198",758,0,0,0,0,0
"2199",759,0,0,0,0,0
"2200",760,0,0,0,0,0
"2201",761,0,0,0,0,0
"2202",762,0,0,0,0,0
"2203",763,0,0,0,0,0
"2204",764,0,0,0,0,0
"2205",765,0,0,0,0,0
"2206",766,0,0,0,0,0
"2207",767,0,0,0,0,0
"2208",768,0,0,0,0,0
"2209",769,0,0,0,0,0
"2210",770,0,0,0,0,0
"2211",771,0,0,0,0,0
"2212",772,0,0,0,0,0
"2213",773,0,0,0,0,0
"2214",774,0,0,0,0,0
"2215",775,0,0,0,0,0
"2216",776,0,0,0,0,0
"2217",777,0,0,0,0,0
"2218",778,0,0,0,0,0
"2219",779,0,0,0,0,0
"2220",780,0,0,0,0,0
"2221",781,0,0,0,0,0
"2222",782,0,0,0,0,0
"2223",783,0,0,0,0,0
"2224",784,0,0,0,0,0
"2225",785,0,0,0,0,0
"2226",786,0,0,0,0,0
"2227",787,0,0,0,0,0
"2228",788,0,0,0,0,0
"2229",789,0,0,0,0,0
"2230",790,0,0,0,0,0
"2231",791,0,0,0,0,0
"2232",792,0,0,0,0,0
"2233",793,0,0,0,0,0
"2234",794,0,0,0,0,0
"2235",795,0,0,0,0,0
"2236",796,0,0,0,0,0
"2237",797,0,0,0,0,0
"2238",798,0,0,0,0,0
"2239",799,0,0,0,0,0
"2240",800,0,0,0,0,0
"2241",801,0,0,0,0,0
"2242",802,0,0,0,0,0
"2243",803,0,0,0,0,0
"2244",804,0,0,0,0,0
"2245",805,0,0,0,0,0
"2246",806,0,0,0,0,0
"2247",807,0,0,0,0,0
"2248",808,0,0,0,0,0
"2249",809,0,0,0,0,0
"2250",810,0,0,0,0,0
"2251",811,0,0,0,0,0
"2252",812,0,0,0,0,0
"2253",813,0,0,0,0,0
"2254",814,0,0,0,0,0
"2255",815,0,0,0,0,0
"2256",816,0,0,0,0,0
"2257",817,0,0,0,0,0
"2258",818,0,0,0,0,0
"2259",819,0,0,0,0,0
"2260",820,0,0,0,0,0
"2261",821,0,0,0,0,0
"2262",822,0,0,0,0,0
"2263",823,0,0,0,0,0
"2264",824,0,0,0,0,0
"2265",825,0,0,0,0,0
"2266",826,0,0,0,0,0
"2267",827,0,0,0,0,0
"2268",828,0,0,0,0,0
"2269",829,0,0,0,0,0
"2270",830,0,0,0,0,0
"2271",831,0,0,0,0,0
"2272",832,0,0,0,0,0
"2273",833,0,0,0,0,0
"2274",834,0,0,0,0,0
"2275",835,0,0,0,0,0
"2276",836,0,0,0,0,0
"2277",837,0,0,0,0,0
"2278",838,0,0,0,0,0
"2279",839,0,0,0,0,0
"2280",840,0,0,0,0,0
"2281",841,0,0,0,0,0
"2282",842,0,0,0,0,0
"2283",843,0,0,0,0,0
"2284",844,0,0,0,0,0
"2285",845,0,0,0,0,0
"2286",846,0,0,0,0,0
"2287",847,0,0,0,0,0
"2288",848,0,0,0,0,0
"2289",849,0,0,0,0,0
"2290",850,0,0,0,0,0
"2291",851,0,0,0,0,0
"2292",852,0,0,0,0,0
"2293",853,0,0,0,0,0
"2294",854,0,0,0,0,0
"2295",855,0,0,0,0,0
"2296",856,0,0,0,0,0
"2297",857,0,0,0,0,0
"2298",858,0,0,0,0,0
"2299",859,0,0,0,0,0
"2300",860,0,0,0,0,0
"2301",861,0,0,0,0,0
"2302",862,0,0,0,0,0
"2303",863,0,0,0,0,0
"2304",864,0,0,0,0,0
"2305",865,0,0,0,0,0
"2306",866,0,0,0,0,0
"2307",867,0,0,0,0,0
"2308",868,0,0,0,0,0
"2309",869,0,0,0,0,0
"2310",870,0,0,0,0,0
"2311",871,0,0,0,0,0
"2312",872,0,0,0,0,0
"2313",873,0,0,0,0,0
"2314",874,0,0,0,0,0
"2315",875,0,0,0,0,0
"2316",876,0,0,0,0,0
"2317",877,0,0,0,0,0
"2318",878,0,0,0,0,0
"2319",879,0,0,0,0,0
"2320",880,0,0,0,0,0
"2321",881,0,0,0,0,0
"2322",882,0,0,0,0,0
"2323",883,0,0,0,0,0
"2324",884,0,0,0,0,0
"2325",885,0,0,0,0,0
"2326",886,0,0,0,0,0
"2327",887,0,0,0,0,0
"2328",888,0,0,0,0,0
"2329",889,0,0,0,0,0
"2330",890,0,0,0,0,0
"2331",891,0,0,0,0,0
"2332",892,0,0,0,0,0
"2333",893,0,0,0,0,0
"2334",894,0,0,0,0,0
"2335",895,0,0,0,0,0
"2336",896,0,0,0,0,0
"2337",897,0,0,0,0,0
"2338",898,0,0,0,0,0
"2339",899,0,0,0,0,0
"2340",900,0,0,0,0,0
"2341",901,0,0,0,0,0
"2342",902,0,0,0,0,0
"2343",903,0,0,0,0,0
"2344",904,0,0,0,0,0
"2345",905,0,0,0,0,0
"2346",906,0,0,0,0,0
"2347",907,0,0,0,0,0
"2348",908,0,0,0,0,0
"2349",909,0,0,0,0,0
"2350",910,0,0,0,0,0
"2351",911,0,0,0,0,0
"2352",912,0,0,0,0,0
"2353",913,0,0,0,0,0
"2354",914,0,0,0,0,0
"2355",915,0,0,0,0,0
"2356",916,0,0,0,0,0
"2357",917,0,0,0,0,0
"2358",918,0,0,0,0,0
"2359",919,0,0,0,0,0
"2360",920,0,0,0,0,0
"2361",921,0,0,0,0,0
"2362",922,0,0,0,0,0
"2363",923,0,0,0,0,0
"2364",924,0,0,0,0,0
"2365",925,0,0,0,0,0
"2366",926,0,0,0,0,0
"2367",927,0,0,0,0,0
"2368",928,0,0,0,0,0
"2369",929,0,0,0,0,0
"2370",930,0,0,0,0,0
"2371",931,0,0,0,0,0
"2372",932,0,0,0,0,0
"2373",933,0,0,0,0,0
"2374",934,0,0,0,0,0
"2375",935,0,0,0,0,0
"2376",936,0,0,0,0,0
"2377",937,0,0,0,0,0
"2378",938,0,0,0,0,0
"2379",939,0,0,0,0,0
"2380",940,0,0,0,0,0
"2381",941,0,0,0,0,0
"2382",942,0,0,0,0,0
"2383",943,0,0,0,0,0
"2384",944,0,0,0,0,0
"2385",945,0,0,0,0,0
"2386",946,0,0,0,0,0
"2387",947,0,0,0,0,0
"2388",948,0,0,0,0,0
"2389",949,0,0,0,0,0
"2390",950,0,0,0,0,0
"2391",951,0,0,0,0,0
"2392",952,0,0,0,0,0
"2393",953,0,0,0,0,0
"2394",954,0,0,0,0,0
"2395",955,0,0,0,0,0
"2396",956,0,0,0,0,0
"2397",957,0,0,0,0,0
"2398",958,0,0,0,0,0
"2399",959,0,0,0,0,0
"2400",960,0,0,0,0,0
"2401",961,0,0,0,0,0
"2402",962,0,0,0,0,0
"2403",963,0,0,0,0,0
"2404",964,0,0,0,0,0
"2405",965,0,0,0,0,0
"2406",966,0,0,0,0,0
"2407",967,0,0,0,0,0
"2408",968,0,0,0,0,0
"2409",969,0,0,0,0,0
"2410",970,0,0,0,0,0
"2411",971,0,0,0,0,0
"2412",972,0,0,0,0,0
"2413",973,0,0,0,0,0
"2414",974,0,0,0,0,0
"2415",975,0,0,0,0,0
"2416",976,0,0,0,0,0
"2417",977,0,0,0,0,0
"2418",978,0,0,0,0,0
"2419",979,0,0,0,0,0
"2420",980,0,0,0,0,0
"2421",981,0,0,0,0,0
"2422",982,0,0,0,0,0
"2423",983,0,0,0,0,0
"2424",984,0,0,0,0,0
"2425",985,0,0,0,0,0
"2426",986,0,0,0,0,0
"2427",987,0,0,0,0,0
"2428",988,0,0,0,0,0
"2429",989,0,0,0,0,0
"2430",990,0,0,0,0,0
"2431",991,0,0,0,0,0
"2432",992,0,0,0,0,0
"2433",993,0,0,0,0,0
"2434",994,0,0,0,0,0
"2435",995,0,0,0,0,0
"2436",996,0,0,0,0,0
"2437",997,0,0,0,0,0
"2438",998,0,0,0,0,0
"2439",999,0,0,0,0,0
"2440",1000,0,0,0,0,0
"2441",1001,0,0,0,0,0
"2442",1002,0,0,0,0,0
"2443",1003,0,0,0,0,0
"2444",1004,0,0,0,0,0
"2445",1005,0,0,0,0,0
"2446",1006,0,0,0,0,0
"2447",1007,0,0,0,0,0
"2448",1008,0,0,0,0,0
"2449",1009,0,0,0,0,0
"2450",1010,0,0,0,0,0
"2451",1011,0,0,0,0,0
"2452",1012,0,0,0,0,0
"2453",1013,0,0,0,0,0
"2454",1014,0,0,0,0,0
"2455",1015,0,0,0,0,0
"2456",1016,0,0,0,0,0
"2457",1017,0,0,0,0,0
"2458",1018,0,0,0,0,0
"2459",1019,0,0,0,0,0
"2460",1020,0,0,0,0,0
"2461",1021,0,0,0,0,0
"2462",1022,0,0,0,0,0
"2463",1023,0,0,0,0,0
"2464",1024,0,0,0,0,0
"2465",1025,0,0,0,0,0
"2466",1026,0,0,0,0,0
"2467",1027,0,0,0,0,0
"2468",1028,0,0,0,0,0
"2469",1029,0,0,0,0,0
"2470",1030,0,0,0,0,0
"2471",1031,0,0,0,0,0
"2472",1032,0,0,0,0,0
"2473",1033,0,0,0,0,0
"2474",1034,0,0,0,0,0
"2475",1035,0,0,0,0,0
"2476",1036,0,0,0,0,0
"2477",1037,0,0,0,0,0
"2478",1038,0,0,0,0,0
"2479",1039,0,0,0,0,0
"2480",1040,0,0,0,0,0
"2481",1041,0,0,0,0,0
"2482",1042,0,0,0,0,0
"2483",1043,0,0,0,0,0
"2484",1044,0,0,0,0,0
"2485",1045,0,0,0,0,0
"2486",1046,0,0,0,0,0
"2487",1047,0,0,0,0,0
"2488",1048,0,0,0,0,0
"2489",1049,0,0,0,0,0
"2490",1050,0,0,0,0,0
"2491",1051,0,0,0,0,0
"2492",1052,0,0,0,0,0
"2493",1053,0,0,0,0,0
"2494",1054,0,0,0,0,0
"2495",1055,0,0,0,0,0
"2496",1056,0,0,0,0,0
"2497",1057,0,0,0,0,0
"2498",1058,0,0,0,0,0
"2499",1059,0,0,0,0,0
"2500",1060,0,0,0,0,0
"2501",1061,0,0,0,0,0
"2502",1062,0,0,0,0,0
"2503",1063,0,0,0,0,0
"2504",1064,0,0,0,0,0
"2505",1065,0,0,0,0,0
"2506",1066,0,0,0,0,0
"2507",1067,0,0,0,0,0
"2508",1068,0,0,0,0,0
"2509",1069,0,0,0,0,0
"2510",1070,0,0,0,0,0
"2511",1071,0,0,0,0,0
"2512",1072,0,0,0,0,0
"2513",1073,0,0,0,0,0
"2514",1074,0,0,0,0,0
"2515",1075,0,0,0,0,0
"2516",1076,0,0,0,0,0
"2517",1077,0,0,0,0,0
"2518",1078,0,0,0,0,0
"2519",1079,0,0,0,0,0
"2520",1080,0,0,0,0,0
"2521",1081,0,0,0,0,0
"2522",1082,0,0,0,0,0
"2523",1083,0,0,0,0,0
"2524",1084,0,0,0,0,0
"2525",1085,0,0,0,0,0
"2526",1086,0,0,0,0,0
"2527",1087,0,0,0,0,0
"2528",1088,0,0,0,0,0
"2529",1089,0,0,0,0,0
"2530",1090,0,0,0,0,0
"2531",1091,0,0,0,0,0
"2532",1092,0,0,0,0,0
"2533",1093,0,0,0,0,0
"2534",1094,0,0,0,0,0
"2535",1095,0,0,0,0,0
"2536",1096,0,0,0,0,0
"2537",1097,0,0,0,0,0
"2538",1098,0,0,0,0,0
"2539",1099,0,0,0,0,0
"2540",1100,0,0,0,0,0
"2541",1101,0,0,0,0,0
"2542",1102,0,0,0,0,0
"2543",1103,0,0,0,0,0
"2544",1104,0,0,0,0,0
"2545",1105,0,0,0,0,0
"2546",1106,0,0,0,0,0
"2547",1107,0,0,0,0,0
"2548",1108,0,0,0,0,0
"2549",1109,0,0,0,0,0
"2550",1110,0,0,0,0,0
"2551",1111,0,0,0,0,0
"2552",1112,0,0,0,0,0
"2553",1113,0,0,0,0,0
"2554",1114,0,0,0,0,0
"2555",1115,0,0,0,0,0
"2556",1116,0,0,0,0,0
"2557",1117,0,0,0,0,0
"2558",1118,0,0,0,0,0
"2559",1119,0,0,0,0,0
"2560",1120,0,0,0,0,0
"2561",1121,0,0,0,0,0
"2562",1122,0,0,0,0,0
"2563",1123,0,0,0,0,0
"2564",1124,0,0,0,0,0
"2565",1125,0,0,0,0,0
"2566",1126,0,0,0,0,0
"2567",1127,0,0,0,0,0
"2568",1128,0,0,0,0,0
"2569",1129,0,0,0,0,0
"2570",1130,0,0,0,0,0
"2571",1131,0,0,0,0,0
"2572",1132,0,0,0,0,0
"2573",1133,0,0,0,0,0
"2574",1134,0,0,0,0,0
"2575",1135,0,0,0,0,0
"2576",1136,0,0,0,0,0
"2577",1137,0,0,0,0,0
"2578",1138,0,0,0,0,0
"2579",1139,0,0,0,0,0
"2580",1140,0,0,0,0,0
"2581",1141,0,0,0,0,0
"2582",1142,0,0,0,0,0
"2583",1143,0,0,0,0,0
"2584",1144,0,0,0,0,0
"2585",1145,0,0,0,0,0
"2586",1146,0,0,0,0,0
"2587",1147,0,0,0,0,0
"2588",1148,0,0,0,0,0
"2589",1149,0,0,0,0,0
"2590",1150,0,0,0,0,0
"2591",1151,0,0,0,0,0
"2592",1152,0,0,0,0,0
"2593",1153,0,0,0,0,0
"2594",1154,0,0,0,0,0
"2595",1155,0,0,0,0,0
"2596",1156,0,0,0,0,0
"2597",1157,0,0,0,0,0
"2598",1158,0,0,0,0,0
"2599",1159,0,0,0,0,0
"2600",1160,0,0,0,0,0
"2601",1161,0,0,0,0,0
"2602",1162,0,0,0,0,0
"2603",1163,0,0,0,0,0
"2604",1164,0,0,0,0,0
"2605",1165,0,0,0,0,0
"2606",1166,0,0,0,0,0
"2607",1167,0,0,0,0,0
"2608",1168,0,0,0,0,0
"2609",1169,0,0,0,0,0
"2610",1170,0,0,0,0,0
"2611",1171,0,0,0,0,0
"2612",1172,0,0,0,0,0
"2613",1173,0,0,0,0,0
"2614",1174,0,0,0,0,0
"2615",1175,0,0,0,0,0
"2616",1176,0,0,0,0,0
"2617",1177,0,0,0,0,0
"2618",1178,0,0,0,0,0
"2619",1179,0,0,0,0,0
"2620",1180,0,0,0,0,0
"2621",1181,0,0,0,0,0
"2622",1182,0,0,0,0,0
"2623",1183,0,0,0,0,0
"2624",1184,0,0,0,0,0
"2625",1185,0,0,0,0,0
"2626",1186,0,0,0,0,0
"2627",1187,0,0,0,0,0
"2628",1188,0,0,0,0,0
"2629",1189,0,0,0,0,0
"2630",1190,0,0,0,0,0
"2631",1191,0,0,0,0,0
"2632",1192,0,0,0,0,0
"2633",1193,0,0,0,0,0
"2634",1194,0,0,0,0,0
"2635",1195,0,0,0,0,0
"2636",1196,0,0,0,0,0
"2637",1197,0,0,0,0,0
"2638",1198,0,0,0,0,0
"2639",1199,0,0,0,0,0
"2640",1200,0,0,0,0,0
"2641",1201,0,0,0,0,0
"2642",1202,0,0,0,0,0
"2643",1203,0,0,0,0,0
"2644",1204,0,0,0,0,0
"2645",1205,0,0,0,0,0
"2646",1206,0,0,0,0,0
"2647",1207,0,0,0,0,0
"2648",1208,0,0,0,0,0
"2649",1209,0,0,0,0,0
"2650",1210,0,0,0,0,0
"2651",1211,0,0,0,0,0
"2652",1212,0,0,0,0,0
"2653",1213,0,0,0,0,0
"2654",1214,0,0,0,0,0
"2655",1215,0,0,0,0,0
"2656",1216,0,0,0,0,0
"2657",1217,0,0,0,0,0
"2658",1218,0,0,0,0,0
"2659",1219,0,0,0,0,0
"2660",1220,0,0,0,0,0
"2661",1221,0,0,0,0,0
"2662",1222,0,0,0,0,0
"2663",1223,0,0,0,0,0
"2664",1224,0,0,0,0,0
"2665",1225,0,0,0,0,0
"2666",1226,0,0,0,0,0
"2667",1227,0,0,0,0,0
"2668",1228,0,0,0,0,0
"2669",1229,0,0,0,0,0
"2670",1230,0,0,0,0,0
"2671",1231,0,0,0,0,0
"2672",1232,0,0,0,0,0
"2673",1233,0,0,0,0,0
"2674",1234,0,0,0,0,0
"2675",1235,0,0,0,0,0
"2676",1236,0,0,0,0,0
"2677",1237,0,0,0,0,0
"2678",1238,0,0,0,0,0
"2679",1239,0,0,0,0,0
"2680",1240,0,0,0,0,0
"2681",1241,0,0,0,0,0
"2682",1242,0,0,0,0,0
"2683",1243,0,0,0,0,0
"2684",1244,0,0,0,0,0
"2685",1245,0,0,0,0,0
"2686",1246,0,0,0,0,0
"2687",1247,0,0,0,0,0
"2688",1248,0,0,0,0,0
"2689",1249,0,0,0,0,0
"2690",1250,0,0,0,0,0
"2691",1251,0,0,0,0,0
"2692",1252,0,0,0,0,0
"2693",1253,0,0,0,0,0
"2694",1254,0,0,0,0,0
"2695",1255,0,0,0,0,0
"2696",1256,0,0,0,0,0
"2697",1257,0,0,0,0,0
"2698",1258,0,0,0,0,0
"2699",1259,0,0,0,0,0
"2700",1260,0,0,0,0,0
"2701",1261,0,0,0,0,0
"2702",1262,0,0,0,0,0
"2703",1263,0,0,0,0,0
"2704",1264,0,0,0,0,0
"2705",1265,0,0,0,0,0
"2706",1266,0,0,0,0,0
"2707",1267,0,0,0,0,0
"2708",1268,0,0,0,0,0
"2709",1269,0,0,0,0,0
"2710",1270,0,0,0,0,0
"2711",1271,0,0,0,0,0
"2712",1272,0,0,0,0,0
"2713",1273,0,0,0,0,0
"2714",1274,0,0,0,0,0
"2715",1275,0,0,0,0,0
"2716",1276,0,0,0,0,0
"2717",1277,0,0,0,0,0
"2718",1278,0,0,0,0,0
"2719",1279,0,0,0,0,0
"2720",1280,0,0,0,0,0
"2721",1281,0,0,0,0,0
"2722",1282,0,0,0,0,0
"2723",1283,0,0,0,0,0
"2724",1284,0,0,0,0,0
"2725",1285,0,0,0,0,0
"2726",1286,0,0,0,0,0
"2727",1287,0,0,0,0,0
"2728",1288,0,0,0,0,0
"2729",1289,0,0,0,0,0
"2730",1290,0,0,0,0,0
"2731",1291,0,0,0,0,0
"2732",1292,0,0,0,0,0
"2733",1293,0,0,0,0,0
"2734",1294,0,0,0,0,0
"2735",1295,0,0,0,0,0
"2736",1296,0,0,0,0,0
"2737",1297,0,0,0,0,0
"2738",1298,0,0,0,0,0
"2739",1299,0,0,0,0,0
"2740",1300,0,0,0,0,0
"2741",1301,0,0,0,0,0
"2742",1302,0,0,0,0,0
"2743",1303,0,0,0,0,0
"2744",1304,0,0,0,0,0
"2745",1305,0,0,0,0,0
"2746",1306,0,0,0,0,0
"2747",1307,0,0,0,0,0
"2748",1308,0,0,0,0,0
"2749",1309,0,0,0,0,0
"2750",1310,0,0,0,0,0
"2751",1311,0,0,0,0,0
"2752",1312,0,0,0,0,0
"2753",1313,0,0,0,0,0
"2754",1314,0,0,0,0,0
"2755",1315,0,0,0,0,0
"2756",1316,0,0,0,0,0
"2757",1317,0,0,0,0,0
"2758",1318,0,0,0,0,0
"2759",1319,0,0,0,0,0
"2760",1320,0,0,0,0,0
"2761",1321,0,0,0,0,0
"2762",1322,0,0,0,0,0
"2763",1323,0,0,0,0,0
"2764",1324,0,0,0,0,0
"2765",1325,0,0,0,0,0
"2766",1326,0,0,0,0,0
"2767",1327,0,0,0,0,0
"2768",1328,0,0,0,0,0
"2769",1329,0,0,0,0,0
"2770",1330,0,0,0,0,0
"2771",1331,0,0,0,0,0
"2772",1332,0,0,0,0,0
"2773",1333,0,0,0,0,0
"2774",1334,0,0,0,0,0
"2775",1335,0,0,0,0,0
"2776",1336,0,0,0,0,0
"2777",1337,0,0,0,0,0
"2778",1338,0,0,0,0,0
"2779",1339,0,0,0,0,0
"2780",1340,0,0,0,0,0
"2781",1341,0,0,0,0,0
"2782",1342,0,0,0,0,0
"2783",1343,0,0,0,0,0
"2784",1344,0,0,0,0,0
"2785",1345,0,0,0,0,0
"2786",1346,0,0,0,0,0
"2787",1347,0,0,0,0,0
"2788",1348,0,0,0,0,0
"2789",1349,0,0,0,0,0
"2790",1350,0,0,0,0,0
"2791",1351,0,0,0,0,0
"2792",1352,0,0,0,0,0
"2793",1353,0,0,0,0,0
"2794",1354,0,0,0,0,0
"2795",1355,0,0,0,0,0
"2796",1356,0,0,0,0,0
"2797",1357,0,0,0,0,0
"2798",1358,0,0,0,0,0
"2799",1359,0,0,0,0,0
"2800",1360,0,0,0,0,0
"2801",1361,0,0,0,0,0
"2802",1362,0,0,0,0,0
"2803",1363,0,0,0,0,0
"2804",1364,0,0,0,0,0
"2805",1365,0,0,0,0,0
"2806",1366,0,0,0,0,0
"2807",1367,0,0,0,0,0
"2808",1368,0,0,0,0,0
"2809",1369,0,0,0,0,0
"2810",1370,0,0,0,0,0
"2811",1371,0,0,0,0,0
"2812",1372,0,0,0,0,0
"2813",1373,0,0,0,0,0
"2814",1374,0,0,0,0,0
"2815",1375,0,0,0,0,0
"2816",1376,0,0,0,0,0
"2817",1377,0,0,0,0,0
"2818",1378,0,0,0,0,0
"2819",1379,0,0,0,0,0
"2820",1380,0,0,0,0,0
"2821",1381,0,0,0,0,0
"2822",1382,0,0,0,0,0
"2823",1383,0,0,0,0,0
"2824",1384,0,0,0,0,0
"2825",1385,0,0,0,0,0
"2826",1386,0,0,0,0,0
"2827",1387,0,0,0,0,0
"2828",1388,0,0,0,0,0
"2829",1389,0,0,0,0,0
"2830",1390,0,0,0,0,0
"2831",1391,0,0,0,0,0
"2832",1392,0,0,0,0,0
"2833",1393,0,0,0,0,0
"2834",1394,0,0,0,0,0
"2835",1395,0,0,0,0,0
"2836",1396,0,0,0,0,0
"2837",1397,0,0,0,0,0
"2838",1398,0,0,0,0,0
"2839",1399,0,0,0,0,0
"2840",1400,0,0,0,0,0
"2841",1401,0,0,0,0,0
"2842",1402,0,0,0,0,0
"2843",1403,0,0,0,0,0
"2844",1404,0,0,0,0,0
"2845",1405,0,0,0,0,0
"2846",1406,0,0,0,0,0
"2847",1407,0,0,0,0,0
"2848",1408,0,0,0,0,0
"2849",1409,0,0,0,0,0
"2850",1410,0,0,0,0,0
"2851",1411,0,0,0,0,0
"2852",1412,0,0,0,0,0
"2853",1413,0,0,0,0,0
"2854",1414,0,0,0,0,0
"2855",1415,0,0,0,0,0
"2856",1416,0,0,0,0,0
"2857",1417,0,0,0,0,0
"2858",1418,0,0,0,0,0
"2859",1419,0,0,0,0,0
"2860",1420,0,0,0,0,0
"2861",1421,0,0,0,0,0
"2862",1422,0,0,0,0,0
"2863",1423,0,0,0,0,0
"2864",1424,0,0,0,0,0
"2865",1425,0,0,0,0,0
"2866",1426,0,0,0,0,0
"2867",1427,0,0,0,0,0
"2868",1428,0,0,0,0,0
"2869",1429,0,0,0,0,0
"2870",1430,0,0,0,0,0
"2871",1431,0,0,0,0,0
"2872",1432,0,0,0,0,0
"2873",1433,0,0,0,0,0
"2874",1434,0,0,0,0,0
"2875",1435,0,0,0,0,0
"2876",1436,0,0,0,0,0
"2877",1437,0,0,0,0,0
"2878",1438,0,0,0,0,0
"2879",1439,0,0,0,0,0
"2880",1440,0,0,0,0,0
